关键词,意图（代码）,搜索量,趋势,KD,CPC (USD),竞争程度,SF,结果,快照日期,更新状态
where can i see the northern lights,0,12100,16 | 29 | 24 | 29 | 36 | 24 | 44 | 29 | 29 | 24 | 20 | 24,38,0.37,0.15,6 | 7 | 9 | 20 | 21 | 28 | 50,215,20260718,0
where can you see the northern lights,0,12100,16 | 24 | 16 | 20 | 20 | 24 | 54 | 29 | 29 | 24 | 13 | 16,43,0.37,0.15,6 | 7 | 9 | 13 | 20 | 21 | 28 | 50,213,20260718,0
what are the northern lights,0,8100,3 | 4 | 2 | 4 | 3 | 4 | 36 | 4 | 4 | 1 | 3 | 2,60,0.09,0.06,6 | 9 | 20 | 21 | 28 | 50,156,20260718,0
what time will the northern lights be visible tonight,0,8100,0 | 9 | 0 | 0 | 1 | 1 | 55 | 1 | 11 | 0 | 0 | 0,45,0.6,0.01,7 | 9 | 21 | 28 | 50,192,20260718,0
can i see the northern lights tonight,0,6600,0 | 6 | 0 | 1 | 2 | 1 | 44 | 0 | 6 | 0 | 0 | 0,41,1.26,0.01,7 | 9 | 21 | 28 | 50,184,20260718,0
what time is the aurora borealis tonight,0,5400,0 | 100 | 0 | 2 | 4 | 1 | 81 | 1 | 13 | 0 | 0 | 0,54,0,0.01,7 | 9 | 21 | 28 | 50,190,20260718,0
what time is the northern lights tonight,0,5400,0 | 7 | 0 | 0 | 0 | 0 | 100 | 0 | 0 | 0 | 0 | 0,21,0,0.01,7 | 9 | 21 | 28 | 50,38,20260718,0
where are the northern lights,0,5400,8 | 10 | 8 | 10 | 10 | 10 | 36 | 10 | 10 | 7 | 7 | 5,54,0.35,0.07,7 | 9 | 21 | 28 | 50,189,20260718,0
are the northern lights visible tonight,0,4400,0 | 5 | 0 | 0 | 5 | 1 | 54 | 1 | 5 | 0 | 0 | 0,29,0,0.33,7 | 9 | 21 | 28 | 50,182,20260718,0
can you see the northern lights tonight,0,4400,0 | 3 | 0 | 0 | 0 | 0 | 36 | 0 | 2 | 0 | 0 | 0,44,0,0.33,7 | 9 | 21 | 28 | 50,186,20260718,0
what is a geomagnetic storm,0,4400,8 | 10 | 1 | 3 | 3 | 7 | 54 | 4 | 20 | 2 | 2 | 2,38,0,0.33,5 | 9 | 21 | 28 | 50,152,20260718,0
what time are the northern lights tonight,0,4400,0 | 7 | 0 | 0 | 0 | 0 | 36 | 0 | 0 | 0 | 0 | 0,47,0,0.01,7 | 9 | 21 | 28 | 50,188,20260718,0
where are the northern lights located,0,4400,36 | 81 | 29 | 44 | 29 | 54 | 54 | 23 | 36 | 23 | 44 | 23,49,0.37,0.15,6 | 7 | 9 | 13 | 21 | 28 | 50,160,20260718,0
where to see northern lights tonight,0,4400,0 | 13 | 0 | 1 | 1 | 1 | 29 | 1 | 8 | 0 | 0 | 0,58,0.71,0.02,7 | 9 | 21 | 28 | 50,182,20260718,0
how to see the northern lights,0,3600,1 | 7 | 1 | 1 | 2 | 1 | 66 | 2 | 8 | 1 | 3 | 1,17,0.61,0.19,7 | 9 | 13 | 21 | 28 | 50,185,20260718,0
what is the aurora borealis,0,3600,8 | 12 | 24 | 24 | 16 | 19 | 66 | 12 | 19 | 24 | 16 | 19,66,0.12,0.02,7 | 9 | 20 | 21 | 28 | 50,142,20260718,0
can i see the aurora borealis tonight,0,2900,4 | 36 | 3 | 6 | 19 | 8 | 100 | 6 | 29 | 2 | 4 | 4,43,1.26,0.01,7 | 9 | 21 | 28 | 50,174,20260718,0
how to see aurora borealis,0,2900,2 | 16 | 2 | 2 | 8 | 4 | 100 | 0 | 19 | 1 | 5 | 2,15,0.61,0.19,7 | 9 | 21 | 28 | 43 | 50,186,20260718,0
what is a solar storm,0,2900,4 | 16 | 2 | 2 | 2 | 1 | 16 | 2 | 7 | 2 | 2 | 2,35,2.02,0.33,7 | 9 | 20 | 21 | 28 | 36 | 50,173,20260718,0
what time can i see the northern lights,0,2900,0 | 8 | 0 | 0 | 0 | 0 | 66 | 0 | 0 | 0 | 0 | 0,25,0,0.05,6 | 7 | 9 | 21 | 28 | 50,199,20260718,0
what time can you see the northern lights tonight,0,2900,0 | 10 | 0 | 0 | 1 | 0 | 54 | 0 | 2 | 0 | 0 | 0,28,0,0.01,6 | 7 | 9 | 21 | 28 | 50,190,20260718,0
what time to see northern lights tonight,0,2900,0 | 8 | 0 | 0 | 1 | 0 | 54 | 0 | 2 | 0 | 0 | 0,35,0,0.33,6 | 7 | 9 | 21 | 28 | 50,183,20260718,0
what time will the northern lights be visible,0,2900,0 | 19 | 0 | 0 | 0 | 0 | 81 | 0 | 0 | 0 | 0 | 0,29,0,0.05,7 | 9 | 21 | 28 | 50,204,20260718,0
when can i see the northern lights tonight,0,2900,0 | 8 | 0 | 0 | 0 | 0 | 100 | 0 | 1 | 0 | 0 | 0,45,0,0.01,7 | 9 | 21 | 28 | 50,189,20260718,0
when can you see the northern lights,0,2900,3 | 13 | 8 | 3 | 3 | 2 | 44 | 2 | 4 | 1 | 2 | 1,26,0.47,0.09,7 | 9 | 21 | 28 | 50,186,20260718,0
where can you see the aurora borealis,0,2900,19 | 29 | 44 | 29 | 66 | 44 | 44 | 23 | 44 | 35 | 23 | 54,48,0.37,0.15,6 | 9 | 20 | 21 | 28 | 50,218,20260718,0
where to see the northern lights tonight,0,2900,2 | 24 | 0 | 2 | 10 | 1 | 100 | 0 | 10 | 0 | 1 | 1,26,0.71,0.02,7 | 9 | 21 | 28 | 50,177,20260718,0
will the northern lights be visible tonight,0,2900,0 | 5 | 0 | 0 | 3 | 1 | 44 | 0 | 3 | 0 | 0 | 0,56,0,0.01,7 | 9 | 21 | 28 | 50,185,20260718,0
how watch northern lights,0,2400,0 | 0 | 0 | 0 | 0 | 0 | 0 | 0 | 0 | 0 | 44 | 100,28,1.14,0.08,7 | 9 | 20 | 21 | 28 | 50,168,20260718,0
what time can i see the northern lights tonight,0,2400,0 | 8 | 0 | 0 | 2 | 0 | 54 | 0 | 7 | 0 | 0 | 0,24,0,0.01,7 | 9 | 21 | 28 | 50,183,20260718,0
when do you see aurora borealis,0,2400,4 | 24 | 0 | 3 | 7 | 3 | 100 | 3 | 7 | 2 | 3 | 3,32,0.47,0.09,6 | 7 | 9 | 21 | 28 | 50,176,20260718,0
when is the best time to see the northern lights,2,2400,5 | 16 | 7 | 7 | 8 | 7 | 81 | 5 | 13 | 4 | 4 | 4,22,0.66,0.25,6 | 9 | 21 | 28 | 50,178,20260718,0
when is the best time to view the aurora borealis,0 | 2,2400,3 | 7 | 0 | 2 | 3 | 3 | 54 | 3 | 4 | 2 | 2 | 3,10,0.66,0.25,6 | 7 | 9 | 21 | 28 | 50,166,20260718,0
where can i see the northern lights tonight,0,2400,0 | 4 | 0 | 0 | 0 | 1 | 36 | 0 | 7 | 0 | 0 | 0,43,0.71,0.02,7 | 9 | 15 | 21 | 28 | 50,184,20260718,0
where is a storm right now,0,2400,1 | 10 | 0 | 3 | 10 | 12 | 3 | 3 | 100 | 8 | 19 | 10,90,0.73,0.01,7 | 9 | 21 | 28,231,20260718,0
where is the storm right now,0,2400,4 | 5 | 7 | 3 | 8 | 10 | 2 | 2 | 66 | 5 | 13 | 5,92,0.73,0.01,7 | 9 | 21 | 28,231,20260718,0
can i see northern lights tonight,0,1900,0 | 10 | 0 | 0 | 4 | 2 | 81 | 0 | 4 | 2 | 0 | 0,57,1.26,0.01,7 | 9 | 21 | 28 | 50,179,20260718,0
can i see the aurora tonight,0,1900,0 | 0 | 0 | 2 | 0 | 0 | 100 | 0 | 0 | 0 | 0 | 0,45,1.26,0.01,7 | 9 | 21 | 28 | 50,175,20260718,0
can we see the northern lights tonight,0,1900,0 | 4 | 0 | 0 | 2 | 0 | 24 | 0 | 3 | 0 | 0 | 0,44,0,0.01,9 | 21 | 28,179,20260718,0
how to see northern lights,0,1900,0 | 7 | 0 | 3 | 5 | 4 | 54 | 0 | 5 | 1 | 0 | 0,32,0.61,0.19,7 | 9 | 21 | 28 | 43 | 50,188,20260718,0
how to see the northern lights tonight,0,1900,0 | 10 | 0 | 0 | 0 | 0 | 29 | 0 | 3 | 2 | 0 | 0,39,0,0.02,7 | 9 | 21 | 28 | 50,138,20260718,0
what is the northern lights,0,1900,0 | 1 | 0 | 0 | 3 | 13 | 29 | 4 | 5 | 3 | 3 | 3,52,0.14,0.04,6 | 7 | 9 | 20 | 21 | 28 | 36 | 50,153,20260718,0
what time for northern lights tonight,0,1900,2 | 81 | 1 | 3 | 4 | 3 | 100 | 0 | 5 | 0 | 1 | 2,43,0,0.02,9 | 21 | 28,185,20260718,0
what time is best to see aurora borealis tonight,0,1900,0 | 13 | 0 | 0 | 1 | 0 | 100 | 0 | 4 | 0 | 0 | 0,18,0,0.02,6 | 7 | 9 | 21 | 28 | 50,4280000,20260718,0
when are the northern lights visible,0,1900,1 | 19 | 1 | 2 | 4 | 2 | 100 | 1 | 4 | 1 | 1 | 1,24,0.54,0.08,7 | 9 | 21 | 28 | 50,199,20260718,0
when to see northern lights tonight,0,1900,0 | 5 | 0 | 0 | 0 | 0 | 44 | 0 | 0 | 0 | 0 | 0,41,0,0.33,7 | 9 | 21 | 28 | 50,180,20260718,0
where can we see aurora,0,1900,19 | 100 | 0 | 1 | 3 | 19 | 2 | 1 | 0 | 0 | 0 | 0,52,0.26,0.14,9 | 20 | 21 | 28 | 50,135,20260718,0
where can we see northern lights,0,1900,8 | 4 | 1 | 2 | 0 | 100 | 8 | 16 | 1 | 10 | 1 | 1,49,0.37,0.15,7 | 9 | 13 | 21 | 28 | 36 | 50,199,20260718,0
where to see aurora,0,1900,1 | 16 | 0 | 2 | 1 | 2 | 2 | 2 | 100 | 3 | 3 | 5,36,0.26,0.14,6 | 9 | 21 | 28 | 50,135,20260718,0
where to see aurora lights,0,1900,0 | 0 | 2 | 8 | 1 | 0 | 2 | 8 | 100 | 1 | 3 | 2,40,0.26,0.14,6 | 9 | 20 | 21 | 28 | 36 | 43 | 50,187,20260718,0
are there northern lights tonight,0,1600,1 | 10 | 1 | 2 | 5 | 3 | 81 | 3 | 8 | 2 | 2 | 1,48,0,0.01,9 | 21 | 28,175,20260718,0
can you see the northern lights in alaska,0,1600,29 | 36 | 36 | 43 | 29 | 36 | 54 | 20 | 22 | 22 | 22 | 36,40,0.4,0.1,6 | 7 | 9 | 20 | 21 | 28 | 36 | 43 | 50,165,20260718,0
how does the aurora borealis occur,0,1600,4 | 4 | 1 | 1 | 7 | 5 | 100 | 8 | 8 | 4 | 7 | 5,60,0.05,0.03,7 | 9 | 20 | 21 | 28 | 50,147,20260718,0
what time northern lights tonight,0,1600,0 | 10 | 0 | 0 | 0 | 0 | 54 | 0 | 0 | 0 | 0 | 0,58,0,0.01,7 | 9 | 21 | 28 | 50,183,20260718,0
what time to see the northern lights tonight,0,1600,0 | 7 | 0 | 0 | 2 | 0 | 44 | 0 | 1 | 0 | 0 | 0,24,0,0.33,7 | 9 | 21 | 28,189,20260718,0
when can i see the northern lights,0,1600,0 | 8 | 0 | 0 | 1 | 0 | 16 | 0 | 3 | 0 | 0 | 0,19,0.4,0.03,7 | 9 | 21 | 28 | 50,203,20260718,0
when can you see the northern lights in alaska,0,1600,29 | 29 | 35 | 35 | 29 | 29 | 35 | 24 | 29 | 24 | 24 | 24,23,0.23,0.2,9 | 21 | 28 | 50,180,20260718,0
when will the northern lights be visible tonight,0,1600,0 | 19 | 0 | 0 | 0 | 0 | 100 | 0 | 3 | 0 | 0 | 0,44,0,0.33,7 | 9 | 21 | 28 | 50,189,20260718,0
where and when to see the northern lights,0,1600,5 | 8 | 7 | 5 | 12 | 44 | 44 | 8 | 23 | 12 | 16 | 81,31,0.37,0.15,7 | 9 | 13 | 28 | 36,189,20260718,0
where can i see northern lights,0,1600,29 | 8 | 8 | 5 | 23 | 12 | 66 | 12 | 44 | 4 | 5 | 7,38,0.26,0.14,6 | 7 | 9 | 20 | 21 | 28 | 36 | 50,199,20260718,0
will i be able to see the northern lights tonight,0,1600,0 | 5 | 0 | 0 | 2 | 0 | 36 | 0 | 4 | 0 | 0 | 0,52,0,0.01,7 | 9 | 21 | 28,188,20260718,0
are northern lights visible tonight,0,1300,0 | 5 | 0 | 0 | 3 | 1 | 44 | 3 | 4 | 1 | 0 | 2,48,0,0.01,9 | 21 | 28,172,20260718,0
are the northern lights out tonight,0,1300,0 | 1 | 0 | 0 | 1 | 1 | 100 | 4 | 1 | 0 | 0 | 0,25,0,0.01,7 | 9 | 21 | 28 | 50,185,20260718,0
can you see northern lights tonight,0,1300,0 | 19 | 0 | 0 | 4 | 2 | 54 | 1 | 8 | 0 | 0 | 0,43,0,0.33,7 | 9 | 21 | 28 | 50,177,20260718,0
is there a solar flare today,0,1300,30 | 100 | 54 | 36 | 36 | 41 | 100 | 36 | 36 | 41 | 30 | 30,64,0,0.33,9 | 21 | 28 | 50,164,20260718,0
is there northern lights tonight,0,1300,0 | 8 | 1 | 3 | 8 | 4 | 81 | 3 | 7 | 3 | 3 | 3,33,0.96,0.01,9 | 14 | 15 | 21 | 28,178,20260718,0
what time is best to see the northern lights tonight,0,1300,0 | 7 | 0 | 0 | 0 | 0 | 100 | 0 | 4 | 0 | 0 | 0,47,0,0.02,7 | 9 | 21 | 28 | 50,191,20260718,0
when are northern lights visible,0,1300,3 | 29 | 2 | 4 | 5 | 3 | 66 | 3 | 4 | 3 | 1 | 1,46,0.41,0.03,9 | 21 | 28 | 50,190,20260718,0
when can you view the northern lights in alaska,0,1300,79 | 79 | 2 | 30 | 54 | 54 | 79 | 54 | 54 | 54 | 66 | 66,20,0.34,0.2,6 | 9 | 21 | 28 | 43 | 50,166,20260718,0
when do the northern lights occur,0,1300,10 | 29 | 22 | 20 | 22 | 16 | 81 | 20 | 36 | 16 | 16 | 13,53,0.37,0.02,6 | 9 | 21 | 28 | 50,188,20260718,0
when is the aurora borealis visible,0,1300,1 | 10 | 1 | 4 | 5 | 4 | 100 | 2 | 7 | 2 | 2 | 1,49,0.35,0.05,6 | 9 | 15 | 21 | 28 | 50,192,20260718,0
when to see northern lights,0,1300,1 | 7 | 1 | 1 | 2 | 1 | 24 | 1 | 4 | 0 | 0 | 0,41,0.44,0.05,6 | 9 | 20 | 21 | 28 | 50,196,20260718,0
when to see the northern lights tonight,0,1300,0 | 19 | 0 | 0 | 0 | 0 | 100 | 0 | 1 | 0 | 0 | 0,47,0,0.01,9 | 21 | 28 | 50,178,20260718,0
when will the aurora borealis be visible,0,1300,2 | 16 | 0 | 2 | 7 | 2 | 100 | 2 | 10 | 0 | 1 | 1,54,1.54,0.03,6 | 7 | 9 | 21 | 28,192,20260718,0
when will the northern lights be visible,0,1300,0 | 3 | 0 | 0 | 1 | 0 | 24 | 0 | 2 | 0 | 0 | 0,32,1.05,0.02,9 | 15 | 21 | 28 | 49 | 50,189,20260718,0
where can i see the aurora lights,2,1300,0 | 0 | 0 | 100 | 3 | 2 | 10 | 1 | 3 | 2 | 2 | 3,49,0.26,0.14,6 | 9 | 21 | 28 | 43 | 50,206,20260718,0
where can you see the northern lights tonight,0,1300,0 | 10 | 0 | 4 | 1 | 1 | 44 | 0 | 4 | 0 | 0 | 0,42,0.66,0.02,7 | 9 | 21 | 50,177,20260718,0
where do you see the northern lights,0 | 2,1300,1 | 2 | 1 | 5 | 8 | 16 | 4 | 4 | 13 | 13 | 13 | 0,49,0.21,0.19,9 | 21 | 28 | 50,185,20260718,0
where is the aurora borealis,0,1300,12 | 7 | 16 | 12 | 16 | 19 | 44 | 7 | 23 | 35 | 12 | 12,75,0.24,0.05,9 | 21 | 28 | 50,171,20260718,0
where is the northern lights,0,1300,8 | 8 | 5 | 6 | 8 | 8 | 24 | 4 | 4 | 6 | 6 | 12,55,0.24,0.05,7 | 9 | 21 | 28 | 50,193,20260718,0
where to find northern lights,0,1300,0 | 0 | 0 | 7 | 44 | 3 | 1 | 1 | 2 | 1 | 7 | 0,40,0.26,0.14,6 | 9 | 20 | 21 | 28 | 50,183,20260718,0
will northern lights be visible tonight,0,1300,0 | 15 | 0 | 0 | 8 | 2 | 100 | 1 | 8 | 1 | 0 | 0,35,0,0,9 | 21 | 28 | 50,181,20260718,0
will there be northern lights tonight,0,1300,0 | 2 | 0 | 0 | 2 | 0 | 24 | 0 | 2 | 0 | 0 | 0,35,0,0,9 | 21 | 28 | 50,179,20260718,0
will we see the northern lights tonight,0,1300,0 | 13 | 1 | 3 | 3 | 3 | 100 | 2 | 19 | 1 | 2 | 1,26,0,0.01,7 | 9 | 21 | 28,186,20260718,0
can the northern lights be seen tonight,0,1000,0 | 23 | 1 | 2 | 10 | 4 | 44 | 2 | 44 | 0 | 1 | 1,48,0.97,0.01,7 | 9 | 21 | 28 | 50,178,20260718,0
is the aurora borealis visible tonight,0,1000,0 | 3 | 0 | 0 | 2 | 1 | 36 | 0 | 4 | 0 | 0 | 0,27,0,0.33,7 | 9 | 21 | 28 | 50,179,20260718,0
is the northern lights visible tonight,0,1000,0 | 3 | 0 | 1 | 5 | 3 | 100 | 2 | 2 | 1 | 1 | 0,39,0,0.33,7 | 9 | 21 | 28 | 50,180,20260718,0
what time are northern lights tonight,0,1000,0 | 54 | 0 | 0 | 12 | 1 | 81 | 0 | 4 | 0 | 0 | 0,48,0,0.01,7 | 9 | 21 | 28 | 50,188,20260718,0
what time to see northern lights,0,1000,0 | 16 | 0 | 0 | 1 | 0 | 10 | 0 | 5 | 0 | 0 | 0,17,0,0.05,7 | 9 | 21 | 28,190,20260718,0
when are the northern lights,0,1000,3 | 10 | 3 | 4 | 5 | 4 | 29 | 3 | 10 | 2 | 4 | 3,20,0.36,0.04,9 | 21 | 28 | 50,216,20260718,0
when can you see the aurora borealis in alaska,0,1000,81 | 62 | 62 | 55 | 62 | 62 | 81 | 55 | 62 | 45 | 62 | 55,27,0.34,0.2,6 | 9 | 21 | 28 | 50,179,20260718,0
when to see the northern lights,2,1000,3 | 10 | 2 | 3 | 6 | 3 | 36 | 2 | 6 | 0 | 1 | 1,43,0.45,0.09,9 | 21 | 28 | 50,199,20260718,0
where and when to see northern lights,0,1000,0 | 0 | 1 | 0 | 1 | 1 | 0 | 0 | 3 | 100 | 5 | 5,51,0.26,0.14,9 | 21 | 28 | 50,134,20260718,0
where can you see northern lights,0,1000,18 | 53 | 24 | 13 | 13 | 10 | 24 | 10 | 7 | 7 | 18 | 24,31,0.21,0.19,6 | 9 | 21 | 28 | 50,185,20260718,0
where can you see the aurora borealis in america,0,1000,22 | 36 | 2 | 16 | 29 | 29 | 65 | 22 | 29 | 13 | 16 | 16,29,0.24,0.13,6 | 9 | 21 | 28 | 50,182,20260718,0
where can you see the aurora borealis in the us,0 | 2,1000,27 | 27 | 3 | 20 | 36 | 36 | 100 | 27 | 36 | 7 | 20 | 20,30,0.18,0.14,9 | 21 | 28 | 50,181,20260718,0
where is the northern light located,0,1000,0 | 0 | 0 | 0 | 0 | 0 | 0 | 0 | 0 | 100 | 0 | 0,52,0.26,0.14,6 | 9 | 13 | 20 | 21 | 28 | 50,167,20260718,0
where to see northern lights in usa,0 | 2,1000,13 | 10 | 19 | 13 | 24 | 24 | 24 | 13 | 15 | 10 | 7 | 10,29,0.18,0.14,6 | 9 | 21 | 28 | 50,184,20260718,0
can i see the northern lights from my locati0n tonight,0,880,0 | 0 | 0 | 0 | 0 | 0 | 100 | 0 | 0 | 0 | 0 | 0,43,0,0.02,7 | 9 | 21 | 28 | 50,189,20260718,0
can we see northern lights tonight,0,880,0 | 13 | 0 | 0 | 4 | 1 | 66 | 0 | 7 | 0 | 0 | 0,53,0,0.01,7 | 9 | 21 | 28 | 50,176,20260718,0
how to view northern lights,0,880,1 | 3 | 0 | 2 | 3 | 1 | 10 | 0 | 3 | 0 | 1 | 0,19,0.61,0.19,6 | 9 | 21 | 28 | 50,201,20260718,0
what time are the northern lights,0,880,0 | 5 | 0 | 0 | 1 | 0 | 29 | 0 | 3 | 0 | 0 | 0,35,0,0.01,9 | 21 | 28 | 50,183,20260718,0
what time is northern lights tonight,0,880,0 | 4 | 0 | 0 | 0 | 1 | 29 | 0 | 5 | 0 | 0 | 0,25,0,0.01,7 | 9 | 21 | 28 | 50,188,20260718,0
what time is the aurora tonight,0,880,3 | 35 | 3 | 5 | 2 | 5 | 66 | 1 | 66 | 2 | 5 | 5,50,0,0.01,7 | 9 | 21 | 28 | 50,226,20260718,0
what time will the aurora borealis be visible tonight,0,880,0 | 4 | 0 | 0 | 3 | 1 | 29 | 0 | 3 | 0 | 0 | 0,43,1.69,0.04,9 | 21 | 28 | 50,184,20260718,0
when are the northern lights in alaska,0,880,46 | 37 | 52 | 52 | 52 | 46 | 52 | 46 | 68 | 46 | 37 | 37,18,0.33,0.17,6 | 9 | 21 | 28 | 36 | 50,187,20260718,0
when can i see the aurora borealis,0,880,3 | 24 | 3 | 2 | 7 | 1 | 100 | 0 | 3 | 0 | 1 | 0,21,0.27,0.07,9 | 21 | 28 | 50,193,20260718,0
when can you see the northern lights tonight,0,880,0 | 13 | 0 | 0 | 0 | 0 | 66 | 0 | 2 | 0 | 0 | 0,29,0,0,9 | 28 | 50,,20260718,0
when is the northern lights tonight,0,880,0 | 12 | 0 | 0 | 1 | 0 | 100 | 0 | 1 | 0 | 0 | 0,48,0,0.02,7 | 9 | 21 | 28 | 50,181,20260718,0
when to see aurora borealis,0,880,4 | 8 | 3 | 4 | 10 | 4 | 54 | 3 | 10 | 2 | 3 | 3,23,0.62,0.11,7 | 9 | 21 | 28 | 50,191,20260718,0
where are northern lights,0,880,8 | 8 | 29 | 29 | 8 | 10 | 36 | 43 | 4 | 3 | 29 | 4,61,0.24,0.05,6 | 9 | 20 | 21 | 28 | 50,109,20260718,0
where are the aurora lights,0,880,24 | 13 | 24 | 20 | 24 | 24 | 82 | 44 | 20 | 16 | 20 | 24,60,0.4,0.05,3 | 6 | 7 | 9 | 21 | 28,190,20260718,0
where can i go to see the aurora borealis,0,880,20 | 20 | 24 | 20 | 24 | 34 | 100 | 30 | 30 | 3 | 24 | 16,51,0.67,0.38,6 | 7 | 9 | 21 | 28 | 43 | 50,202,20260718,0
where can you see aurora lights,2,880,100 | 0 | 0 | 0 | 0 | 0 | 0 | 0 | 0 | 0 | 0 | 0,39,0.26,0.14,3 | 6 | 9 | 21 | 28 | 36,173,20260718,0
where to go to see the northern lights,0,880,24 | 24 | 20 | 20 | 30 | 30 | 100 | 36 | 41 | 20 | 24 | 20,23,0.67,0.38,6 | 9 | 20 | 21 | 28 | 36 | 50,196,20260718,0
how to see northern lights tonight,0,720,0 | 8 | 0 | 0 | 0 | 0 | 10 | 0 | 2 | 1 | 0 | 0,43,0,0.05,7 | 9 | 21 | 28 | 50,181,20260718,0
is aurora borealis visible tonight,0,720,0 | 2 | 0 | 1 | 4 | 2 | 44 | 2 | 3 | 1 | 1 | 1,40,0,0,9 | 21 | 28,178,20260718,0
is it storming right now,0,720,55 | 67 | 67 | 45 | 45 | 45 | 36 | 36 | 24 | 36 | 100 | 55,89,0,0.33,9 | 21 | 28 | 50,226,20260718,0
is the aurora visible tonight,0,720,0 | 10 | 0 | 3 | 10 | 5 | 100 | 4 | 7 | 3 | 3 | 2,34,0,0.01,7 | 9 | 21 | 28 | 50,170,20260718,0
is the solar flare today,0,720,41 | 100 | 4 | 24 | 36 | 41 | 0 | 36 | 0 | 30 | 30 | 30,62,0,0.33,9 | 21 | 28 | 50,176,20260718,0
is there a solar storm today,0,720,30 | 66 | 36 | 16 | 24 | 30 | 24 | 30 | 41 | 20 | 24 | 24,86,0,0.33,9 | 21 | 28 | 50,161,20260718,0
is there any solar flares today,0,720,41 | 100 | 4 | 24 | 36 | 41 | 0 | 36 | 0 | 30 | 30 | 30,70,0,0.33,9 | 21 | 28,155,20260718,0
what direction are the northern lights,0,720,0 | 1 | 0 | 0 | 0 | 0 | 100 | 0 | 0 | 0 | 0 | 0,33,0,0.33,7 | 9 | 20 | 21 | 28 | 50,186,20260718,0
what time can we see northern lights tonight,0,720,0 | 19 | 0 | 0 | 5 | 1 | 100 | 1 | 10 | 0 | 0 | 0,32,0,0.33,7 | 9 | 21 | 28 | 50,181,20260718,0
what time can we see the northern lights tonight,0,720,0 | 10 | 0 | 0 | 0 | 0 | 44 | 0 | 2 | 0 | 0 | 0,30,0,0.01,9 | 21 | 28,189,20260718,0
what time can you see the northern lights,0,720,0 | 4 | 0 | 0 | 3 | 0 | 54 | 0 | 6 | 0 | 0 | 0,31,0,0.02,9 | 21 | 28 | 50,189,20260718,0
what time to see the northern lights,0,720,0 | 3 | 0 | 0 | 4 | 0 | 100 | 0 | 5 | 0 | 0 | 0,35,0,0.05,6 | 7 | 9 | 20 | 21 | 28 | 36 | 50,174,20260718,0
what's the northern lights,0,720,4 | 7 | 4 | 5 | 7 | 11 | 11 | 20 | 100 | 84 | 84 | 84,62,0.14,0.04,6 | 9 | 15 | 20 | 21 | 28 | 36 | 50,150,20260718,0
when are the northern lights visible tonight,0,720,0 | 2 | 0 | 0 | 1 | 0 | 100 | 0 | 1 | 0 | 0 | 0,32,0,0,9 | 21 | 28 | 50,185,20260718,0
when can you see the aurora borealis,0,720,24 | 34 | 20 | 16 | 30 | 13 | 100 | 8 | 44 | 13 | 13 | 11,34,0.21,0.07,6 | 9 | 21 | 28 | 50,193,20260718,0
when is alaska northern lights,0,720,24 | 16 | 10 | 30 | 81 | 81 | 6 | 4 | 81 | 62 | 62 | 4,26,0.33,0.17,9 | 21 | 28 | 36 | 50,172,20260718,0
when is the aurora borealis,2,720,2 | 8 | 2 | 2 | 1 | 1 | 19 | 3 | 8 | 3 | 3 | 1,35,0.36,0.04,9 | 21 | 28 | 50,188,20260718,0
when is the best time to see northern lights,2,720,3 | 13 | 3 | 24 | 24 | 24 | 100 | 16 | 44 | 30 | 7 | 11,22,0.66,0.25,6 | 7 | 9 | 21 | 28 | 50,169,20260718,0
when is the northern lights,0 | 2,720,2 | 13 | 1 | 3 | 4 | 3 | 23 | 1 | 4 | 1 | 1 | 1,49,0.28,0.04,6 | 9 | 21 | 28 | 50,215,20260718,0
when to see northern lights in alaska,0,720,24 | 36 | 54 | 41 | 24 | 36 | 36 | 30 | 36 | 16 | 24 | 24,23,0.41,0.22,6 | 9 | 21 | 28 | 50,174,20260718,0
when will northern lights be visible,0,720,0 | 12 | 0 | 0 | 3 | 0 | 66 | 0 | 3 | 0 | 0 | 0,43,1.05,0.02,6 | 9 | 21 | 28 | 50,191,20260718,0
where are the northern lights visible,0,720,1 | 3 | 1 | 2 | 3 | 3 | 29 | 1 | 2 | 1 | 1 | 1,69,0.22,0.1,9 | 21 | 28 | 50,110,20260718,0
where can i see northern lights tonight,0,720,10 | 5 | 2 | 0 | 44 | 0 | 100 | 0 | 13 | 0 | 0 | 0,49,0.66,0.02,7 | 9 | 21 | 28 | 50,178,20260718,0
where can i see the aurora borealis,2,720,15 | 2 | 13 | 1 | 2 | 1 | 13 | 10 | 0 | 5 | 0 | 1,58,0.37,0.15,6 | 9 | 21 | 28,210,20260718,0
where is aurora,0,720,36 | 36 | 45 | 36 | 45 | 55 | 81 | 100 | 45 | 30 | 36 | 36,66,0,0.33,5 | 7 | 9 | 13 | 21 | 28 | 50,131,20260718,0
where is northern lights,0,720,36 | 24 | 5 | 7 | 52 | 7 | 16 | 4 | 52 | 2 | 3 | 3,56,0.24,0.05,6 | 7 | 9 | 21 | 28 | 50,133,20260718,0
will there be an aurora tonight,0,720,1 | 4 | 1 | 1 | 3 | 2 | 100 | 1 | 0 | 0 | 0 | 0,46,0,0.01,7 | 9 | 21 | 28 | 50,195,20260718,0
can we see the aurora borealis tonight,0,590,13 | 46 | 8 | 16 | 25 | 13 | 100 | 8 | 84 | 8 | 13 | 11,41,0,0.01,7 | 9 | 21 | 28,180,20260718,0
can you see northern lights in alaska,0,590,13 | 16 | 13 | 16 | 27 | 13 | 16 | 16 | 24 | 10 | 8 | 8,24,0.36,0.09,6 | 7 | 9 | 13 | 21 | 28 | 43 | 50,169,20260718,0
can you see the aurora borealis,0,590,2 | 7 | 2 | 2 | 4 | 3 | 35 | 3 | 7 | 2 | 3 | 3,50,0.52,0.01,9 | 20 | 21 | 28 | 50,161,20260718,0
can you see the aurora borealis tonight,0,590,1 | 4 | 0 | 0 | 1 | 0 | 36 | 0 | 3 | 0 | 0 | 0,42,0,0.01,7 | 9 | 21 | 28 | 50,177,20260718,0
is there an aurora tonight,0,590,13 | 62 | 16 | 20 | 36 | 45 | 100 | 30 | 30 | 8 | 16 | 13,55,0,0.01,9 | 21,190,20260718,0
is there aurora borealis tonight,0,590,0 | 36 | 3 | 2 | 22 | 0 | 65 | 16 | 3 | 7 | 10 | 8,66,0,0.01,9 | 21 | 28,179,20260718,0
what colour is the northern lights,0,590,7 | 10 | 3 | 2 | 0 | 10 | 100 | 0 | 20 | 0 | 0 | 10,44,0,0.33,7 | 9 | 21 | 28 | 36 | 50,155,20260718,0
what is kp index,0,590,7 | 22 | 3 | 5 | 8 | 7 | 65 | 5 | 29 | 3 | 8 | 4,27,0,0.33,6 | 7 | 9 | 11 | 21 | 28,93,20260718,0
what is the best time to see the northern lights,0 | 2,590,3 | 18 | 2 | 2 | 8 | 3 | 81 | 3 | 18 | 1 | 2 | 2,29,0.36,0.16,6 | 9 | 15 | 21 | 28 | 36 | 50,127,20260718,0
what time can i see the aurora borealis,0,590,1 | 54 | 0 | 1 | 2 | 1 | 100 | 1 | 4 | 0 | 0 | 0,27,0,0.05,7 | 9 | 21 | 28 | 50,188,20260718,0
what time of year to see northern lights in fairbanks,0 | 2,590,5 | 100 | 100,20,0,0,6 | 9 | 21 | 28 | 50,145,20260718,0
when are the northern lights tonight,0,590,0 | 3 | 0 | 0 | 1 | 0 | 10 | 0 | 1 | 0 | 0 | 0,52,0,0,9 | 21 | 28 | 50,187,20260718,0
when does aurora borealis happen,0,590,7 | 8 | 7 | 8 | 10 | 10 | 28 | 7 | 8 | 5 | 8 | 7,49,0.2,0.03,6 | 9 | 21 | 28 | 50,165,20260718,0
when does aurora borealis occur,0,590,13 | 3 | 11 | 4 | 16 | 20 | 100 | 7 | 44 | 11 | 11 | 16,51,0.53,0.05,6 | 9 | 21 | 28 | 50,194,20260718,0
when does the aurora borealis occur,0,590,16 | 8 | 20 | 3 | 8 | 13 | 100 | 5 | 13 | 5 | 5 | 8,54,0.53,0.05,6 | 7 | 9 | 21 | 28 | 50,183,20260718,0
when does the northern lights happen,0,590,3 | 7 | 4 | 3 | 4 | 4 | 81 | 2 | 0 | 3 | 3 | 0,45,0.2,0.03,9 | 21 | 28 | 50,182,20260718,0
when is northern lights,0,590,7 | 16 | 7 | 7 | 10 | 8 | 100 | 5 | 20 | 3 | 5 | 5,49,0.36,0.04,9 | 15 | 21 | 28 | 49 | 50,139,20260718,0
when is the next aurora borealis,0,590,0 | 0 | 1 | 3 | 2 | 4 | 36 | 1 | 5 | 2 | 0 | 0,42,1,0.02,7 | 9 | 21 | 28 | 50,188,20260718,0
when is the next northern lights,0,590,4 | 2 | 1 | 3 | 3 | 3 | 44 | 3 | 3 | 1 | 2 | 2,37,1.55,0.02,6 | 9 | 21 | 28 | 50,185,20260718,0
where are northern lights visible tonight,0,590,0 | 4 | 0 | 2 | 5 | 1 | 100 | 3 | 18 | 1 | 3 | 1,34,0,0.02,9 | 21 | 28,179,20260718,0
where are the northern lights visible tonight,0,590,2 | 20 | 1 | 3 | 13 | 4 | 100 | 2 | 13 | 1 | 3 | 2,29,0,0.33,7 | 9 | 21 | 28 | 50,178,20260718,0
where can i see aurora borealis,0,590,2 | 13 | 1 | 2 | 7 | 13 | 24 | 0 | 19 | 10 | 0 | 3,42,0.26,0.14,6 | 9 | 20 | 21 | 28 | 50,210,20260718,0
where can i see the northern lights in the us,2,590,31 | 16 | 16 | 20 | 37 | 37 | 52 | 25 | 25 | 7 | 25 | 20,40,0.19,0.22,6 | 9 | 21 | 28 | 50,184,20260718,0
where can you see aurora borealis,2,590,8 | 10 | 10 | 8 | 13 | 10 | 24 | 7 | 8 | 7 | 3 | 4,53,0.26,0.14,9 | 11 | 21 | 28,144,20260718,0
where can you see auroras,0,590,36 | 36 | 36 | 41 | 8 | 20 | 30 | 41 | 16 | 8 | 16 | 13,53,0.24,0.05,9 | 20 | 21 | 28 | 50,133,20260718,0
where can you see the northern lights in the us,0,590,8 | 8 | 27 | 20 | 16 | 13 | 36 | 20 | 5 | 10 | 10 | 1,30,0.18,0.14,6 | 9 | 13 | 21 | 28 | 36 | 43 | 50,185,20260718,0
where is aurora borealis,0,590,8 | 7 | 4 | 7 | 13 | 8 | 80 | 8 | 16 | 13 | 7 | 3,58,0.4,0.05,6 | 7 | 9 | 21 | 28 | 50,35000000,20260718,0
where is the aurora borealis visible,0,590,2 | 3 | 3 | 5 | 7 | 8 | 43 | 3 | 5 | 0 | 2 | 3,67,0.21,0.06,9 | 20 | 21 | 28 | 50,182,20260718,0
where to see aurora in alaska,0,590,31 | 31 | 8 | 31 | 46 | 37 | 52 | 31 | 46 | 20 | 25 | 25,39,0.89,0.28,3 | 9 | 13 | 21 | 28 | 43 | 50,174,20260718,0
where to see northern light,2,590,0 | 0 | 0 | 0 | 0 | 0 | 100 | 0 | 0 | 0 | 0 | 0,34,0.37,0.15,6 | 7 | 9 | 13 | 20 | 21 | 28 | 50,177,20260718,0
where to see the aurora borealis tonight,0,590,10 | 35 | 0 | 0 | 0 | 3 | 16 | 0 | 53 | 1 | 3 | 2,32,0.66,0.02,7 | 9 | 21 | 28 | 50,182,20260718,0
where to watch northern lights,0,590,3 | 2 | 2 | 2 | 3 | 3 | 10 | 2 | 1 | 2 | 2 | 1,41,0.21,0.19,6 | 9 | 20 | 21 | 28 | 50,192,20260718,0
will you be able to see the northern lights tonight,0,590,0 | 0 | 0 | 0 | 0 | 0 | 19 | 0 | 0 | 0 | 0 | 0,32,0,0.33,7 | 9 | 21 | 28 | 50,181,20260718,0
are there solar flares today,0,480,54 | 100 | 81 | 66 | 81 | 66 | 66 | 54 | 54 | 54 | 44 | 54,70,0,0.33,9 | 21 | 28 | 50,158,20260718,0
can you see the northern lights in colorado,0,480,2 | 4 | 3 | 3 | 5 | 5 | 100 | 4 | 4 | 2 | 2 | 2,17,0,0.33,6 | 7 | 9 | 21 | 28 | 43 | 50,148,20260718,0
can you see the northern lights in ohio tonight,0,480,0 | 7 | 0 | 0 | 3 | 1 | 44 | 2 | 3 | 0 | 0 | 0,16,0,0.33,7 | 9 | 21 | 28 | 50,139,20260718,0
how do the northern lights happen,0,480,3 | 3 | 2 | 3 | 5 | 3 | 66 | 5 | 3 | 3 | 3 | 3,59,0.08,0.08,5 | 9 | 20 | 21 | 28 | 36 | 50,166,20260718,0
how long are the northern lights visible,0,480,0 | 0 | 0 | 0 | 0 | 0 | 44 | 0 | 0 | 0 | 0 | 0,18,0,0.33,6 | 9 | 21 | 28 | 50,170,20260718,0
how long do northern lights last,0,480,0 | 1 | 0 | 0 | 0 | 0 | 29 | 0 | 0 | 0 | 0 | 0,17,0,0.33,6 | 9 | 21 | 28 | 50,185,20260718,0
how long do the northern lights last,0,480,1 | 2 | 0 | 1 | 2 | 1 | 24 | 2 | 3 | 0 | 1 | 0,16,0.1,0.02,9 | 21 | 28 | 50,98,20260718,0
how long will the northern lights be visible tonight,0,480,0 | 0 | 0 | 0 | 0 | 0 | 100 | 0 | 0 | 0 | 0 | 0,27,0,0.33,7 | 9 | 21 | 28,179,20260718,0
is the northern lights tonight,0,480,0 | 3 | 0 | 0 | 1 | 0 | 36 | 0 | 1 | 0 | 0 | 0,40,0,0.02,7 | 9 | 15 | 21 | 28 | 50,187,20260718,0
what direction to look for northern lights,0,480,0 | 1 | 0 | 0 | 0 | 0 | 24 | 0 | 0 | 0 | 0 | 0,29,0,0.03,6 | 7 | 9 | 20 | 21 | 28 | 43 | 50,159,20260718,0
what states can see the northern lights tonight,0,480,3 | 34 | 3 | 8 | 24 | 8 | 100 | 8 | 11 | 3 | 8 | 8,30,0,0.33,7 | 9 | 21 | 28 | 50,172,20260718,0
what time does the northern lights start,0,480,0 | 7 | 0 | 0 | 0 | 1 | 54 | 0 | 2 | 0 | 0 | 0,32,0,0.01,6 | 7 | 9 | 21 | 28 | 50,188,20260718,0
what time to see aurora borealis,0,480,4 | 54 | 1 | 2 | 3 | 2 | 100 | 2 | 66 | 0 | 2 | 1,41,0,0.04,7 | 9 | 21 | 28 | 50,172,20260718,0
what time will northern lights be visible,0,480,0 | 7 | 0 | 0 | 0 | 0 | 100 | 0 | 2 | 0 | 0 | 0,51,0,0.33,6 | 7 | 9 | 21 | 28 | 50,192,20260718,0
what's the best time to see the northern lights tonight,0 | 2,480,0 | 10 | 0 | 0 | 3 | 0 | 100 | 0 | 4 | 0 | 0 | 0,42,0,0.02,9 | 21 | 28,121,20260718,0
when can we see the northern lights,0,480,2 | 16 | 1 | 2 | 2 | 3 | 24 | 1 | 4 | 0 | 1 | 1,27,0.66,0.06,6 | 7 | 9 | 21 | 28 | 50,216,20260718,0
when can we see the northern lights tonight,0,480,0 | 10 | 0 | 0 | 2 | 0 | 100 | 0 | 2 | 0 | 0 | 0,23,0,0.33,7 | 9 | 21 | 28 | 50,186,20260718,0
when can you see northern lights in alaska,0,480,16 | 16 | 16 | 16 | 13 | 16 | 16 | 13 | 13 | 8 | 24 | 11,27,0.23,0.2,6 | 9 | 21 | 28 | 43 | 50,156,20260718,0
when do the northern lights happen,0 | 2,480,13 | 8 | 5 | 8 | 10 | 7 | 36 | 7 | 8 | 16 | 24 | 7,39,0.53,0.05,9 | 21 | 28 | 50,183,20260718,0
when do you see the northern lights in alaska,0,480,7 | 16 | 16 | 13 | 24 | 5 | 10 | 4 | 54 | 13 | 41 | 16,20,0.24,0.2,6 | 7 | 9 | 21 | 28 | 36 | 43 | 50,190,20260718,0
when is aurora borealis visible,0,480,3 | 18 | 4 | 3 | 5 | 4 | 44 | 2 | 7 | 2 | 2 | 2,45,0.41,0.03,6 | 9 | 21 | 28 | 50,184,20260718,0
when is the aurora borealis in alaska,0,480,36 | 36 | 45 | 36 | 36 | 55 | 24 | 36 | 36 | 30 | 55 | 24,29,0.33,0.17,6 | 9 | 21 | 28 | 36 | 50,179,20260718,0
when is the aurora borealis tonight,0,480,0 | 4 | 0 | 0 | 1 | 0 | 54 | 0 | 0 | 0 | 0 | 0,57,0,0,9 | 21 | 28,184,20260718,0
when to look for northern lights tonight,0,480,0 | 4 | 0 | 0 | 0 | 0 | 100 | 0 | 3 | 0 | 0 | 0,30,0,0.33,7 | 9 | 21 | 28 | 50,174,20260718,0
where and when can i see the northern lights,0,480,1 | 5 | 2 | 5 | 66 | 7 | 5 | 36 | 100 | 8 | 10 | 10,42,0.23,0.08,6 | 9 | 20 | 21 | 28 | 50,298000000,20260718,0
what time will the northern lights be visible tonight,0,8100,0 | 9 | 0 | 0 | 1 | 1 | 55 | 1 | 11 | 0 | 0 | 0,45,0.6,0.01,7 | 9 | 21 | 28 | 50,192,20260718,0
can i see the northern lights tonight,0,6600,0 | 6 | 0 | 1 | 2 | 1 | 44 | 0 | 6 | 0 | 0 | 0,41,1.26,0.01,7 | 9 | 21 | 28 | 50,184,20260718,0
what time is the northern lights tonight,0,5400,0 | 7 | 0 | 0 | 0 | 0 | 100 | 0 | 0 | 0 | 0 | 0,21,0,0.01,7 | 9 | 21 | 28 | 50,38,20260718,0
are the northern lights visible tonight,0,4400,0 | 5 | 0 | 0 | 5 | 1 | 54 | 1 | 5 | 0 | 0 | 0,29,0,0.33,7 | 9 | 21 | 28 | 50,182,20260718,0
can you see the northern lights tonight,0,4400,0 | 3 | 0 | 0 | 0 | 0 | 36 | 0 | 2 | 0 | 0 | 0,44,0,0.33,7 | 9 | 21 | 28 | 50,186,20260718,0
what time are the northern lights tonight,0,4400,0 | 7 | 0 | 0 | 0 | 0 | 36 | 0 | 0 | 0 | 0 | 0,47,0,0.01,7 | 9 | 21 | 28 | 50,188,20260718,0
where to see northern lights tonight,0,4400,0 | 13 | 0 | 1 | 1 | 1 | 29 | 1 | 8 | 0 | 0 | 0,58,0.71,0.02,7 | 9 | 21 | 28 | 50,182,20260718,0
what time can you see the northern lights tonight,0,2900,0 | 10 | 0 | 0 | 1 | 0 | 54 | 0 | 2 | 0 | 0 | 0,28,0,0.01,6 | 7 | 9 | 21 | 28 | 50,190,20260718,0
what time to see northern lights tonight,0,2900,0 | 8 | 0 | 0 | 1 | 0 | 54 | 0 | 2 | 0 | 0 | 0,35,0,0.33,6 | 7 | 9 | 21 | 28 | 50,183,20260718,0
when can i see the northern lights tonight,0,2900,0 | 8 | 0 | 0 | 0 | 0 | 100 | 0 | 1 | 0 | 0 | 0,45,0,0.01,7 | 9 | 21 | 28 | 50,189,20260718,0
where to see the northern lights tonight,0,2900,2 | 24 | 0 | 2 | 10 | 1 | 100 | 0 | 10 | 0 | 1 | 1,26,0.71,0.02,7 | 9 | 21 | 28 | 50,177,20260718,0
will the northern lights be visible tonight,0,2900,0 | 5 | 0 | 0 | 3 | 1 | 44 | 0 | 3 | 0 | 0 | 0,56,0,0.01,7 | 9 | 21 | 28 | 50,185,20260718,0
what time can i see the northern lights tonight,0,2400,0 | 8 | 0 | 0 | 2 | 0 | 54 | 0 | 7 | 0 | 0 | 0,24,0,0.01,7 | 9 | 21 | 28 | 50,183,20260718,0
where can i see the northern lights tonight,0,2400,0 | 4 | 0 | 0 | 0 | 1 | 36 | 0 | 7 | 0 | 0 | 0,43,0.71,0.02,7 | 9 | 15 | 21 | 28 | 50,184,20260718,0
can i see northern lights tonight,0,1900,0 | 10 | 0 | 0 | 4 | 2 | 81 | 0 | 4 | 2 | 0 | 0,57,1.26,0.01,7 | 9 | 21 | 28 | 50,179,20260718,0
can we see the northern lights tonight,0,1900,0 | 4 | 0 | 0 | 2 | 0 | 24 | 0 | 3 | 0 | 0 | 0,44,0,0.01,9 | 21 | 28,179,20260718,0
how to see the northern lights tonight,0,1900,0 | 10 | 0 | 0 | 0 | 0 | 29 | 0 | 3 | 2 | 0 | 0,39,0,0.02,7 | 9 | 21 | 28 | 50,138,20260718,0
what time for northern lights tonight,0,1900,2 | 81 | 1 | 3 | 4 | 3 | 100 | 0 | 5 | 0 | 1 | 2,43,0,0.02,9 | 21 | 28,185,20260718,0
when to see northern lights tonight,0,1900,0 | 5 | 0 | 0 | 0 | 0 | 44 | 0 | 0 | 0 | 0 | 0,41,0,0.33,7 | 9 | 21 | 28 | 50,180,20260718,0
are there northern lights tonight,0,1600,1 | 10 | 1 | 2 | 5 | 3 | 81 | 3 | 8 | 2 | 2 | 1,48,0,0.01,9 | 21 | 28,175,20260718,0
what time northern lights tonight,0,1600,0 | 10 | 0 | 0 | 0 | 0 | 54 | 0 | 0 | 0 | 0 | 0,58,0,0.01,7 | 9 | 21 | 28 | 50,183,20260718,0
what time to see the northern lights tonight,0,1600,0 | 7 | 0 | 0 | 2 | 0 | 44 | 0 | 1 | 0 | 0 | 0,24,0,0.33,7 | 9 | 21 | 28,189,20260718,0
when will the northern lights be visible tonight,0,1600,0 | 19 | 0 | 0 | 0 | 0 | 100 | 0 | 3 | 0 | 0 | 0,44,0,0.33,7 | 9 | 21 | 28 | 50,189,20260718,0
will i be able to see the northern lights tonight,0,1600,0 | 5 | 0 | 0 | 2 | 0 | 36 | 0 | 4 | 0 | 0 | 0,52,0,0.01,7 | 9 | 21 | 28,188,20260718,0
are northern lights visible tonight,0,1300,0 | 5 | 0 | 0 | 3 | 1 | 44 | 3 | 4 | 1 | 0 | 2,48,0,0.01,9 | 21 | 28,172,20260718,0
are the northern lights out tonight,0,1300,0 | 1 | 0 | 0 | 1 | 1 | 100 | 4 | 1 | 0 | 0 | 0,25,0,0.01,7 | 9 | 21 | 28 | 50,185,20260718,0
can you see northern lights tonight,0,1300,0 | 19 | 0 | 0 | 4 | 2 | 54 | 1 | 8 | 0 | 0 | 0,43,0,0.33,7 | 9 | 21 | 28 | 50,177,20260718,0
is there northern lights tonight,0,1300,0 | 8 | 1 | 3 | 8 | 4 | 81 | 3 | 7 | 3 | 3 | 3,33,0.96,0.01,9 | 14 | 15 | 21 | 28,178,20260718,0
what time is best to see the northern lights tonight,0,1300,0 | 7 | 0 | 0 | 0 | 0 | 100 | 0 | 4 | 0 | 0 | 0,47,0,0.02,7 | 9 | 21 | 28 | 50,191,20260718,0
when to see the northern lights tonight,0,1300,0 | 19 | 0 | 0 | 0 | 0 | 100 | 0 | 1 | 0 | 0 | 0,47,0,0.01,9 | 21 | 28 | 50,178,20260718,0
where can you see the northern lights tonight,0,1300,0 | 10 | 0 | 4 | 1 | 1 | 44 | 0 | 4 | 0 | 0 | 0,42,0.66,0.02,7 | 9 | 21 | 50,177,20260718,0
will northern lights be visible tonight,0,1300,0 | 15 | 0 | 0 | 8 | 2 | 100 | 1 | 8 | 1 | 0 | 0,35,0,0,9 | 21 | 28 | 50,181,20260718,0
will there be northern lights tonight,0,1300,0 | 2 | 0 | 0 | 2 | 0 | 24 | 0 | 2 | 0 | 0 | 0,35,0,0,9 | 21 | 28 | 50,179,20260718,0
will we see the northern lights tonight,0,1300,0 | 13 | 1 | 3 | 3 | 3 | 100 | 2 | 19 | 1 | 2 | 1,26,0,0.01,7 | 9 | 21 | 28,186,20260718,0
can the northern lights be seen tonight,0,1000,0 | 23 | 1 | 2 | 10 | 4 | 44 | 2 | 44 | 0 | 1 | 1,48,0.97,0.01,7 | 9 | 21 | 28 | 50,178,20260718,0
is the northern lights visible tonight,0,1000,0 | 3 | 0 | 1 | 5 | 3 | 100 | 2 | 2 | 1 | 1 | 0,39,0,0.33,7 | 9 | 21 | 28 | 50,180,20260718,0
what time are northern lights tonight,0,1000,0 | 54 | 0 | 0 | 12 | 1 | 81 | 0 | 4 | 0 | 0 | 0,48,0,0.01,7 | 9 | 21 | 28 | 50,188,20260718,0
can i see the northern lights from my locati0n tonight,0,880,0 | 0 | 0 | 0 | 0 | 0 | 100 | 0 | 0 | 0 | 0 | 0,43,0,0.02,7 | 9 | 21 | 28 | 50,189,20260718,0
can we see northern lights tonight,0,880,0 | 13 | 0 | 0 | 4 | 1 | 66 | 0 | 7 | 0 | 0 | 0,53,0,0.01,7 | 9 | 21 | 28 | 50,176,20260718,0
what time is northern lights tonight,0,880,0 | 4 | 0 | 0 | 0 | 1 | 29 | 0 | 5 | 0 | 0 | 0,25,0,0.01,7 | 9 | 21 | 28 | 50,188,20260718,0
when can you see the northern lights tonight,0,880,0 | 13 | 0 | 0 | 0 | 0 | 66 | 0 | 2 | 0 | 0 | 0,29,0,0,9 | 28 | 50,,20260718,0
when is the northern lights tonight,0,880,0 | 12 | 0 | 0 | 1 | 0 | 100 | 0 | 1 | 0 | 0 | 0,48,0,0.02,7 | 9 | 21 | 28 | 50,181,20260718,0
how to see northern lights tonight,0,720,0 | 8 | 0 | 0 | 0 | 0 | 10 | 0 | 2 | 1 | 0 | 0,43,0,0.05,7 | 9 | 21 | 28 | 50,181,20260718,0
what time can we see northern lights tonight,0,720,0 | 19 | 0 | 0 | 5 | 1 | 100 | 1 | 10 | 0 | 0 | 0,32,0,0.33,7 | 9 | 21 | 28 | 50,181,20260718,0
what time can we see the northern lights tonight,0,720,0 | 10 | 0 | 0 | 0 | 0 | 44 | 0 | 2 | 0 | 0 | 0,30,0,0.01,9 | 21 | 28,189,20260718,0
when are the northern lights visible tonight,0,720,0 | 2 | 0 | 0 | 1 | 0 | 100 | 0 | 1 | 0 | 0 | 0,32,0,0,9 | 21 | 28 | 50,185,20260718,0
where can i see northern lights tonight,0,720,10 | 5 | 2 | 0 | 44 | 0 | 100 | 0 | 13 | 0 | 0 | 0,49,0.66,0.02,7 | 9 | 21 | 28 | 50,178,20260718,0
when are the northern lights tonight,0,590,0 | 3 | 0 | 0 | 1 | 0 | 10 | 0 | 1 | 0 | 0 | 0,52,0,0,9 | 21 | 28 | 50,187,20260718,0
where are northern lights visible tonight,0,590,0 | 4 | 0 | 2 | 5 | 1 | 100 | 3 | 18 | 1 | 3 | 1,34,0,0.02,9 | 21 | 28,179,20260718,0
where are the northern lights visible tonight,0,590,2 | 20 | 1 | 3 | 13 | 4 | 100 | 2 | 13 | 1 | 3 | 2,29,0,0.33,7 | 9 | 21 | 28 | 50,178,20260718,0
will you be able to see the northern lights tonight,0,590,0 | 0 | 0 | 0 | 0 | 0 | 19 | 0 | 0 | 0 | 0 | 0,32,0,0.33,7 | 9 | 21 | 28 | 50,181,20260718,0
can you see the northern lights in ohio tonight,0,480,0 | 7 | 0 | 0 | 3 | 1 | 44 | 2 | 3 | 0 | 0 | 0,16,0,0.33,7 | 9 | 21 | 28 | 50,139,20260718,0
how long will the northern lights be visible tonight,0,480,0 | 0 | 0 | 0 | 0 | 0 | 100 | 0 | 0 | 0 | 0 | 0,27,0,0.33,7 | 9 | 21 | 28,179,20260718,0
is the northern lights tonight,0,480,0 | 3 | 0 | 0 | 1 | 0 | 36 | 0 | 1 | 0 | 0 | 0,40,0,0.02,7 | 9 | 15 | 21 | 28 | 50,187,20260718,0
what states can see the northern lights tonight,0,480,3 | 34 | 3 | 8 | 24 | 8 | 100 | 8 | 11 | 3 | 8 | 8,30,0,0.33,7 | 9 | 21 | 28 | 50,172,20260718,0
what's the best time to see the northern lights tonight,0 | 2,480,0 | 10 | 0 | 0 | 3 | 0 | 100 | 0 | 4 | 0 | 0 | 0,42,0,0.02,9 | 21 | 28,121,20260718,0
when can we see the northern lights tonight,0,480,0 | 10 | 0 | 0 | 2 | 0 | 100 | 0 | 2 | 0 | 0 | 0,23,0,0.33,7 | 9 | 21 | 28 | 50,186,20260718,0
when to look for northern lights tonight,0,480,0 | 4 | 0 | 0 | 0 | 0 | 100 | 0 | 3 | 0 | 0 | 0,30,0,0.33,7 | 9 | 21 | 28 | 50,174,20260718,0
where will the northern lights be visible tonight,0,480,1 | 13 | 1 | 3 | 7 | 1 | 43 | 2 | 10 | 1 | 1 | 1,30,0,0.02,7 | 9 | 21 | 28 | 50,172,20260718,0
will i see the northern lights tonight,0,480,1 | 3 | 0 | 0 | 1 | 0 | 24 | 0 | 5 | 0 | 1 | 0,39,1.26,0.01,7 | 9 | 21 | 28,184,20260718,0
how to view northern lights tonight,0,390,3 | 68 | 2 | 3 | 7 | 3 | 100 | 2 | 31 | 20 | 3 | 3,42,0,0.05,7 | 9 | 21 | 28 | 50,179,20260718,0
what time are the northern lights visible tonight,0,390,1 | 4 | 0 | 0 | 8 | 1 | 100 | 1 | 20 | 0 | 0 | 0,34,0,0.01,7 | 9 | 21 | 28 | 50,189,20260718,0
what time see northern lights tonight,0,390,0 | 3 | 0 | 0 | 0 | 0 | 100 | 1 | 3 | 0 | 0 | 0,30,0,0.33,7 | 9 | 21 | 28 | 50,187,20260718,0
what time to view northern lights tonight,0,390,1 | 13 | 0 | 1 | 2 | 1 | 24 | 1 | 19 | 0 | 1 | 0,37,0,0.01,6 | 9 | 21 | 28 | 50,179,20260718,0
where are the northern lights tonight,0,390,0 | 7 | 0 | 1 | 1 | 2 | 35 | 1 | 5 | 0 | 1 | 1,39,0,0.02,7 | 9 | 21 | 28,180,20260718,0
are the northern lights visible in colorado tonight,0,320,0 | 0 | 0 | 0 | 0 | 0 | 100 | 1 | 2 | 0 | 0 | 0,19,0,0.33,7 | 9 | 21 | 28 | 50,158,20260718,0
can u see the northern lights tonight,0,320,1 | 8 | 1 | 2 | 3 | 1 | 100 | 1 | 4 | 0 | 1 | 0,31,0,0.33,7 | 9 | 21 | 28,123,20260718,0
can you see the northern lights in colorado tonight,0,320,0 | 4 | 0 | 0 | 1 | 0 | 53 | 0 | 5 | 0 | 0 | 0,22,0,0.33,6 | 7 | 9 | 21 | 28 | 50,127,20260718,0
can you see the northern lights in indiana tonight,0,320,0 | 5 | 0 | 0 | 2 | 0 | 100 | 2 | 2 | 0 | 1 | 0,15,0,0.01,9 | 21 | 28 | 50,142,20260718,0
how can i see the northern lights tonight,0,320,2 | 2 | 2 | 2 | 10 | 0 | 100 | 2 | 24 | 16 | 2 | 2,33,0,0.05,9 | 21 | 28,174,20260718,0
what time will northern lights be visible tonight,0,320,0 | 10 | 0 | 0 | 0 | 0 | 65 | 0 | 10 | 8 | 0 | 0,45,0.6,0.01,7 | 9 | 21 | 28 | 50,192,20260718,0
what time will we see the northern lights tonight,0,320,2 | 30 | 1 | 2 | 5 | 2 | 66 | 2 | 36 | 0 | 1 | 0,22,0,0.33,7 | 9 | 21 | 28 | 50,191,20260718,0
where can you see northern lights tonight,0,320,0 | 3 | 1 | 0 | 22 | 0 | 43 | 0 | 3 | 0 | 1 | 1,62,0.66,0.02,9 | 21 | 28,181,20260718,0
where to look for northern lights tonight,0,320,0 | 2 | 0 | 0 | 0 | 0 | 66 | 0 | 2 | 0 | 0 | 0,27,0,0.33,7 | 9 | 21 | 28,185,20260718,0
will we be able to see the northern lights tonight,0,320,0 | 2 | 0 | 0 | 0 | 0 | 19 | 0 | 0 | 0 | 0 | 0,51,0,0,9 | 21 | 28 | 50,181,20260718,0
will we see northern lights tonight,0,320,0 | 1 | 2 | 11 | 0 | 3 | 82 | 3 | 16 | 3 | 3 | 3,28,0,0.01,7 | 9 | 21 | 28 | 50,179,20260718,0
are northern lights out tonight,0,260,8 | 20 | 8 | 10 | 5 | 24 | 100 | 2 | 20 | 8 | 13 | 10,50,0,0.01,9 | 21 | 28,174,20260718,0
can you see the northern lights in illinois tonight,0,260,1 | 3 | 0 | 1 | 3 | 0 | 100 | 1 | 2 | 0 | 0 | 1,18,0,0.33,6 | 9 | 21 | 28 | 50,131,20260718,0
can you still see the northern lights tonight,0,260,0 | 1 | 0 | 0 | 0 | 0 | 23 | 0 | 0 | 0 | 0 | 0,30,0,0.04,9 | 21 | 28 | 50,179,20260718,0
how to view the northern lights tonight,0,260,3 | 46 | 2 | 3 | 8 | 4 | 68 | 2 | 25 | 16 | 3 | 3,69,0,0.05,9 | 21 | 28 | 50,180,20260718,0
is northern lights visible tonight,0,260,0 | 4 | 0 | 1 | 2 | 0 | 100 | 1 | 7 | 0 | 0 | 0,45,0,0,9 | 21 | 28,174,20260718,0
is there going to be northern lights tonight,0,260,1 | 7 | 1 | 1 | 3 | 1 | 52 | 2 | 4 | 0 | 1 | 0,51,0,0.03,4 | 9 | 21 | 28,185,20260718,0
what states will see the northern lights tonight,0,260,5 | 100 | 3 | 10 | 24 | 10 | 55 | 8 | 10 | 3 | 8 | 6,45,0,0.02,7 | 9 | 21 | 50,172,20260718,0
what time to look for northern lights tonight,0,260,0 | 7 | 0 | 0 | 1 | 0 | 66 | 0 | 3 | 0 | 0 | 0,55,0,0.33,6 | 9 | 11 | 21 | 28,178,20260718,0
what time will i see the northern lights tonight,0,260,10 | 6 | 5 | 6 | 100 | 10 | 100 | 5 | 5 | 3 | 6 | 3,29,0,0.01,7 | 9 | 21 | 28 | 50,189,20260718,0
what time will we see northern lights tonight,0,260,3 | 62 | 1 | 3 | 16 | 4 | 55 | 4 | 30 | 1 | 1 | 1,46,0,0.02,7 | 9 | 21 | 28 | 50,188,20260718,0
when are northern lights visible tonight,0,260,0 | 2 | 0 | 0 | 1 | 0 | 100 | 0 | 3 | 0 | 0 | 0,32,0,0.07,7 | 9 | 21 | 28 | 50,192,20260718,0
when is northern lights tonight,0,260,0 | 5 | 0 | 0 | 0 | 0 | 82 | 0 | 1 | 0 | 0 | 0,52,0,0.09,7 | 9 | 21 | 28,121,20260718,0
where can the northern lights be seen tonight,0,260,3 | 10 | 1 | 0 | 0 | 1 | 43 | 0 | 3 | 0 | 0 | 0,48,0.66,0.02,9 | 21 | 28 | 50,176,20260718,0
where will the northern lights be tonight,0,260,10 | 67 | 10 | 15 | 12 | 4 | 100 | 10 | 54 | 5 | 12 | 12,39,0,0.03,7 | 9 | 21 | 28,176,20260718,0
who can see the northern lights tonight,0,260,0 | 7 | 1 | 2 | 5 | 3 | 52 | 1 | 3 | 0 | 1 | 1,44,0,0.01,7 | 9 | 21 | 28,188,20260718,0
will i be able to see northern lights tonight,0,260,0 | 4 | 5 | 8 | 4 | 1 | 100 | 8 | 30 | 4 | 6 | 6,27,0,0.01,7 | 9 | 21 | 28 | 50,184,20260718,0
will the northern lights be visible in colorado tonight,0,260,0 | 3 | 0 | 0 | 0 | 0 | 100 | 1 | 4 | 0 | 0 | 1,29,0,0.01,6 | 9 | 21 | 28 | 50,132,20260718,0
are the northern lights visible in illinois tonight,0,210,1 | 2 | 1 | 1 | 1 | 1 | 100 | 2 | 1 | 1 | 1 | 1,26,0,0.33,9 | 21 | 28,134,20260718,0
are there going to be northern lights tonight,0,210,1 | 8 | 1 | 1 | 3 | 0 | 55 | 1 | 3 | 0 | 1 | 0,29,0,0.03,7 | 9 | 21 | 28 | 50,184,20260718,0
can i see the northern lights tonight from my locati0n,0,210,2 | 19 | 2 | 10 | 12 | 2 | 100 | 7 | 100 | 4 | 5 | 5,31,0,0.01,7 | 9 | 21 | 28 | 50,176,20260718,0
can i still see the northern lights tonight,0,210,0 | 0 | 0 | 0 | 0 | 0 | 100 | 0 | 1 | 0 | 0 | 0,58,0,0,9 | 21 | 28 | 50,173,20260718,0
can we see the northern lights tonight near me,0 | 3,210,0 | 0 | 0 | 0 | 0 | 0 | 100 | 0 | 0 | 0 | 0 | 0,30,0,0,9 | 21 | 28,194,20260718,0
can you see the northern lights in arizona tonight,0,210,1 | 2 | 1 | 1 | 1 | 1 | 100 | 1 | 4 | 1 | 1 | 1,10,0,0.33,7 | 9 | 21 | 28 | 50,141,20260718,0
can you see the northern lights in michigan tonight,0,210,1 | 3 | 1 | 2 | 7 | 3 | 15 | 1 | 2 | 0 | 1 | 0,22,0,0.33,7 | 9 | 21 | 28 | 50,160,20260718,0
northern lights tonight,0,135000,0 | 7 | 0 | 0 | 2 | 0 | 44 | 0 | 4 | 0 | 0 | 4,42,1.7,0.01,7 | 9 | 21 | 28 | 50,130,20260718,0
northern lights forecast tonight,0,14800,6 | 11 | 3 | 4 | 11 | 7 | 45 | 7 | 20 | 16 | 7 | 9,54,0.89,0.01,7 | 9 | 21 | 28 | 50,135,20260718,0
aurora borealis northern lights tonight,0,9900,0 | 0 | 0 | 0 | 0 | 0 | 54 | 0 | 2 | 0 | 0 | 0,46,1.52,0.02,9 | 15 | 21 | 28 | 49 | 50,51,20260718,0
best time to see northern lights tonight,0 | 2,8100,0 | 9 | 0 | 0 | 0 | 0 | 67 | 0 | 0 | 0 | 0 | 0,32,0,0.33,7 | 9 | 21 | 28 | 50,185,20260718,0
what time will the northern lights be visible tonight,0,8100,0 | 9 | 0 | 0 | 1 | 1 | 55 | 1 | 11 | 0 | 0 | 0,45,0.6,0.01,7 | 9 | 21 | 28 | 50,192,20260718,0
can i see the northern lights tonight,0,6600,0 | 6 | 0 | 1 | 2 | 1 | 44 | 0 | 6 | 0 | 0 | 0,41,1.26,0.01,7 | 9 | 21 | 28 | 50,184,20260718,0
northern lights tonight near me,0 | 3,5400,0 | 2 | 0 | 4 | 1 | 0 | 13 | 1 | 4 | 0 | 0 | 0,42,0.99,0.02,7 | 9 | 21 | 28 | 50,192,20260718,0
what time is the northern lights tonight,0,5400,0 | 7 | 0 | 0 | 0 | 0 | 100 | 0 | 0 | 0 | 0 | 0,21,0,0.01,7 | 9 | 21 | 28 | 50,38,20260718,0
are the northern lights visible tonight,0,4400,0 | 5 | 0 | 0 | 5 | 1 | 54 | 1 | 5 | 0 | 0 | 0,29,0,0.33,7 | 9 | 21 | 28 | 50,182,20260718,0
can you see the northern lights tonight,0,4400,0 | 3 | 0 | 0 | 0 | 0 | 36 | 0 | 2 | 0 | 0 | 0,44,0,0.33,7 | 9 | 21 | 28 | 50,186,20260718,0
northern lights tonight map,0,4400,2 | 16 | 0 | 3 | 7 | 3 | 44 | 3 | 8 | 0 | 1 | 2,53,1.51,0.33,5 | 7 | 9 | 21 | 28 | 50,135,20260718,0
what time are the northern lights tonight,0,4400,0 | 7 | 0 | 0 | 0 | 0 | 36 | 0 | 0 | 0 | 0 | 0,47,0,0.01,7 | 9 | 21 | 28 | 50,188,20260718,0
where to see northern lights tonight,0,4400,0 | 13 | 0 | 1 | 1 | 1 | 29 | 1 | 8 | 0 | 0 | 0,58,0.71,0.02,7 | 9 | 21 | 28 | 50,182,20260718,0
northern lights colorado tonight,0,3600,0 | 2 | 0 | 0 | 0 | 0 | 100 | 0 | 3 | 0 | 0 | 0,27,0,0.33,7 | 9 | 21 | 28 | 50,133,20260718,0
northern lights michigan tonight,0,2900,3 | 29 | 2 | 3 | 16 | 5 | 24 | 3 | 4 | 0 | 2 | 1,28,0,0.33,7 | 9 | 21 | 28 | 50,135,20260718,0
northern lights tonight massachusetts,0,2900,0 | 16 | 0 | 0 | 1 | 0 | 44 | 0 | 3 | 0 | 0 | 0,22,0,0.33,7 | 9 | 21 | 28 | 50,108,20260718,0
northern lights visible tonight,0,2900,2 | 16 | 1 | 2 | 7 | 2 | 100 | 2 | 5 | 0 | 1 | 2,30,0,0.33,7 | 9 | 21 | 28 | 50,136,20260718,0
what time can you see the northern lights tonight,0,2900,0 | 10 | 0 | 0 | 1 | 0 | 54 | 0 | 2 | 0 | 0 | 0,28,0,0.01,6 | 7 | 9 | 21 | 28 | 50,190,20260718,0
what time to see northern lights tonight,0,2900,0 | 8 | 0 | 0 | 1 | 0 | 54 | 0 | 2 | 0 | 0 | 0,35,0,0.33,6 | 7 | 9 | 21 | 28 | 50,183,20260718,0
when can i see the northern lights tonight,0,2900,0 | 8 | 0 | 0 | 0 | 0 | 100 | 0 | 1 | 0 | 0 | 0,45,0,0.01,7 | 9 | 21 | 28 | 50,189,20260718,0
where to see the northern lights tonight,0,2900,2 | 24 | 0 | 2 | 10 | 1 | 100 | 0 | 10 | 0 | 1 | 1,26,0.71,0.02,7 | 9 | 21 | 28 | 50,177,20260718,0
will the northern lights be visible tonight,0,2900,0 | 5 | 0 | 0 | 3 | 1 | 44 | 0 | 3 | 0 | 0 | 0,56,0,0.01,7 | 9 | 21 | 28 | 50,185,20260718,0
northern lights map tonight,0,2400,1 | 24 | 2 | 10 | 4 | 3 | 54 | 2 | 36 | 0 | 3 | 7,53,1.51,0.33,5 | 7 | 9 | 21 | 28 | 50,136,20260718,0
northern lights tonight dallas,0,2400,0 | 4 | 0 | 0 | 0 | 0 | 100 | 0 | 1 | 0 | 0 | 0,23,0,0.01,5 | 6 | 7 | 9 | 13 | 20 | 21 | 28 | 50,107,20260718,0
northern lights tonight new jersey,0,2400,0 | 7 | 0 | 0 | 1 | 0 | 44 | 0 | 1 | 0 | 0 | 0,17,0,0.33,9 | 21 | 28 | 50,107,20260718,0
what time can i see the northern lights tonight,0,2400,0 | 8 | 0 | 0 | 2 | 0 | 54 | 0 | 7 | 0 | 0 | 0,24,0,0.01,7 | 9 | 21 | 28 | 50,183,20260718,0
where can i see the northern lights tonight,0,2400,0 | 4 | 0 | 0 | 0 | 1 | 36 | 0 | 7 | 0 | 0 | 0,43,0.71,0.02,7 | 9 | 15 | 21 | 28 | 50,184,20260718,0
can i see northern lights tonight,0,1900,0 | 10 | 0 | 0 | 4 | 2 | 81 | 0 | 4 | 2 | 0 | 0,57,1.26,0.01,7 | 9 | 21 | 28 | 50,179,20260718,0
can we see the northern lights tonight,0,1900,0 | 4 | 0 | 0 | 2 | 0 | 24 | 0 | 3 | 0 | 0 | 0,44,0,0.01,9 | 21 | 28,179,20260718,0
how to see the northern lights tonight,0,1900,0 | 10 | 0 | 0 | 0 | 0 | 29 | 0 | 3 | 2 | 0 | 0,39,0,0.02,7 | 9 | 21 | 28 | 50,138,20260718,0
northern lights tonight chicago,0,1900,1 | 13 | 0 | 0 | 4 | 0 | 66 | 1 | 5 | 0 | 0 | 1,20,0,0.33,7 | 9 | 21 | 28 | 50,109,20260718,0
tonight's northern lights,0,1900,0 | 1 | 1 | 3 | 100 | 0 | 8 | 0 | 0 | 100 | 0 | 0,23,1.7,0.01,7 | 9 | 21 | 28 | 50,134,20260718,0
what time for northern lights tonight,0,1900,2 | 81 | 1 | 3 | 4 | 3 | 100 | 0 | 5 | 0 | 1 | 2,43,0,0.02,9 | 21 | 28,185,20260718,0
when to see northern lights tonight,0,1900,0 | 5 | 0 | 0 | 0 | 0 | 44 | 0 | 0 | 0 | 0 | 0,41,0,0.33,7 | 9 | 21 | 28 | 50,180,20260718,0
are there northern lights tonight,0,1600,1 | 10 | 1 | 2 | 5 | 3 | 81 | 3 | 8 | 2 | 2 | 1,48,0,0.01,9 | 21 | 28,175,20260718,0
northern lights chicago tonight,0,1600,1 | 16 | 0 | 0 | 5 | 0 | 100 | 2 | 8 | 0 | 0 | 1,20,0,0.33,7 | 9 | 21 | 28 | 50,106,20260718,0
northern lights tonight ohio,0,1600,1 | 10 | 0 | 0 | 3 | 1 | 36 | 3 | 7 | 0 | 0 | 1,19,0,0.33,7 | 9 | 21 | 28 | 50,106,20260718,0
northern lights tonight time,0,1600,1 | 15 | 0 | 1 | 7 | 1 | 100 | 1 | 19 | 0 | 0 | 1,31,0,0.01,7 | 9 | 21 | 28 | 50,138,20260718,0
northern lights wisconsin tonight,0,1600,3 | 10 | 2 | 3 | 13 | 7 | 44 | 3 | 7 | 1 | 2 | 2,30,0,0.01,9 | 21 | 28 | 50,134,20260718,0
seattle northern lights tonight,0,1600,5 | 54 | 3 | 5 | 19 | 3 | 100 | 3 | 66 | 2 | 4 | 5,13,0,0.33,7 | 9 | 21 | 28 | 50,132,20260718,0
what time northern lights tonight,0,1600,0 | 10 | 0 | 0 | 0 | 0 | 54 | 0 | 0 | 0 | 0 | 0,58,0,0.01,7 | 9 | 21 | 28 | 50,183,20260718,0
what time to see the northern lights tonight,0,1600,0 | 7 | 0 | 0 | 2 | 0 | 44 | 0 | 1 | 0 | 0 | 0,24,0,0.33,7 | 9 | 21 | 28,189,20260718,0
when will the northern lights be visible tonight,0,1600,0 | 19 | 0 | 0 | 0 | 0 | 100 | 0 | 3 | 0 | 0 | 0,44,0,0.33,7 | 9 | 21 | 28 | 50,189,20260718,0
will i be able to see the northern lights tonight,0,1600,0 | 5 | 0 | 0 | 2 | 0 | 36 | 0 | 4 | 0 | 0 | 0,52,0,0.01,7 | 9 | 21 | 28,188,20260718,0
are northern lights visible tonight,0,1300,0 | 5 | 0 | 0 | 3 | 1 | 44 | 3 | 4 | 1 | 0 | 2,48,0,0.01,9 | 21 | 28,172,20260718,0
are the northern lights out tonight,0,1300,0 | 1 | 0 | 0 | 1 | 1 | 100 | 4 | 1 | 0 | 0 | 0,25,0,0.01,7 | 9 | 21 | 28 | 50,185,20260718,0
can you see northern lights tonight,0,1300,0 | 19 | 0 | 0 | 4 | 2 | 54 | 1 | 8 | 0 | 0 | 0,43,0,0.33,7 | 9 | 21 | 28 | 50,177,20260718,0
is there northern lights tonight,0,1300,0 | 8 | 1 | 3 | 8 | 4 | 81 | 3 | 7 | 3 | 3 | 3,33,0.96,0.01,9 | 14 | 15 | 21 | 28,178,20260718,0
northern lights in michigan tonight,0,1300,3 | 10 | 2 | 3 | 16 | 4 | 19 | 3 | 5 | 1 | 3 | 2,37,0,0,9 | 21 | 28 | 50,144,20260718,0
northern lights map for tonight,0,1300,10 | 4 | 0 | 0 | 13 | 19 | 100 | 5 | 1 | 0 | 0 | 0,63,1.9,0.01,5 | 7 | 9 | 13 | 21 | 28,172,20260718,0
northern lights ohio tonight,0,1300,0 | 8 | 0 | 0 | 3 | 1 | 29 | 2 | 4 | 0 | 0 | 1,25,0,0.33,7 | 9 | 21 | 28 | 50,105,20260718,0
northern lights tonight connecticut,0,1300,0 | 13 | 0 | 0 | 3 | 0 | 24 | 0 | 4 | 0 | 0 | 0,22,0,0.33,7 | 9 | 21 | 28 | 50,100,20260718,0
northern lights tonight minneapolis,0,1300,0 | 5 | 0 | 0 | 1 | 0 | 100 | 0 | 2 | 0 | 0 | 0,16,0,0.33,9 | 21 | 28 | 50,109,20260718,0
northern lights tonight nyc,0,1300,0 | 2 | 0 | 0 | 0 | 0 | 16 | 0 | 1 | 0 | 0 | 0,27,0,0.33,7 | 9 | 21 | 28 | 50,108,20260718,0
northern lights tonight omaha,0,1300,0 | 4 | 0 | 0 | 0 | 0 | 100 | 0 | 2 | 0 | 0 | 0,24,0,0.33,6 | 9 | 21 | 28 | 50,88,20260718,0
northern lights tonight wisconsin,0,1300,5 | 43 | 4 | 8 | 36 | 19 | 100 | 8 | 15 | 3 | 7 | 4,20,0,0.01,4 | 6 | 9 | 21 | 28 | 50,108,20260718,0
what time is best to see the northern lights tonight,0,1300,0 | 7 | 0 | 0 | 0 | 0 | 100 | 0 | 4 | 0 | 0 | 0,47,0,0.02,7 | 9 | 21 | 28 | 50,191,20260718,0
when to see the northern lights tonight,0,1300,0 | 19 | 0 | 0 | 0 | 0 | 100 | 0 | 1 | 0 | 0 | 0,47,0,0.01,9 | 21 | 28 | 50,178,20260718,0
where can you see the northern lights tonight,0,1300,0 | 10 | 0 | 4 | 1 | 1 | 44 | 0 | 4 | 0 | 0 | 0,42,0.66,0.02,7 | 9 | 21 | 50,177,20260718,0
will northern lights be visible tonight,0,1300,0 | 15 | 0 | 0 | 8 | 2 | 100 | 1 | 8 | 1 | 0 | 0,35,0,0,9 | 21 | 28 | 50,181,20260718,0
will there be northern lights tonight,0,1300,0 | 2 | 0 | 0 | 2 | 0 | 24 | 0 | 2 | 0 | 0 | 0,35,0,0,9 | 21 | 28 | 50,179,20260718,0
will we see the northern lights tonight,0,1300,0 | 13 | 1 | 3 | 3 | 3 | 100 | 2 | 19 | 1 | 2 | 1,26,0,0.01,7 | 9 | 21 | 28,186,20260718,0
can the northern lights be seen tonight,0,1000,0 | 23 | 1 | 2 | 10 | 4 | 44 | 2 | 44 | 0 | 1 | 1,48,0.97,0.01,7 | 9 | 21 | 28 | 50,178,20260718,0
is the northern lights visible tonight,0,1000,0 | 3 | 0 | 1 | 5 | 3 | 100 | 2 | 2 | 1 | 1 | 0,39,0,0.33,7 | 9 | 21 | 28 | 50,180,20260718,0
michigan northern lights tonight,0,1000,3 | 66 | 3 | 10 | 16 | 2 | 29 | 3 | 16 | 3 | 8 | 7,33,0,0.33,4 | 9 | 21 | 50,107,20260718,0
northern light tonight,0,1000,0 | 10 | 0 | 2 | 6 | 2 | 54 | 1 | 6 | 0 | 0 | 0,51,0,0.01,7 | 9 | 21 | 28 | 50,111,20260718,0
northern lights in iowa tonight,0,1000,1 | 8 | 0 | 2 | 5 | 1 | 100 | 2 | 7 | 0 | 3 | 2,32,0,0.33,7 | 9 | 21 | 28 | 50,158,20260718,0
northern lights in seattle tonight,0,1000,7 | 43 | 3 | 7 | 16 | 4 | 100 | 3 | 54 | 2 | 7 | 7,15,0,0.33,6 | 7 | 9 | 21 | 28,135,20260718,0
northern lights seattle tonight,0,1000,0 | 8 | 0 | 0 | 1 | 0 | 13 | 0 | 10 | 0 | 0 | 0,25,0,0.33,7 | 9 | 21 | 28 | 50,134,20260718,0
northern lights tonight atlanta,0,1000,0 | 0 | 0 | 0 | 0 | 0 | 29 | 0 | 0 | 0 | 0 | 0,21,0,0.33,9 | 21 | 28 | 50,117,20260718,0
northern lights tonight in michigan,0,1000,3 | 16 | 2 | 2 | 10 | 2 | 16 | 3 | 7 | 1 | 3 | 3,25,0,0.33,9 | 21 | 28 | 50,164,20260718,0
northern lights tonight seattle,0,1000,1 | 5 | 1 | 0 | 2 | 0 | 36 | 1 | 19 | 0 | 0 | 1,22,0,0.33,7 | 9 | 21 | 28 | 50,135,20260718,0
northern lights viewing tonight,0,1000,1 | 24 | 1 | 3 | 10 | 5 | 81 | 2 | 36 | 1 | 3 | 2,46,0,0.01,7 | 9 | 21 | 28 | 50,137,20260718,0
see northern lights tonight,0,1000,0 | 5 | 0 | 1 | 2 | 1 | 24 | 0 | 5 | 0 | 0 | 0,44,0.48,0.01,9 | 21 | 28 | 50,131,20260718,0
what time are northern lights tonight,0,1000,0 | 54 | 0 | 0 | 12 | 1 | 81 | 0 | 4 | 0 | 0 | 0,48,0,0.01,7 | 9 | 21 | 28 | 50,188,20260718,0
aurora northern lights tonight,0,880,1 | 24 | 0 | 1 | 10 | 3 | 100 | 0 | 4 | 0 | 0 | 10,36,1.52,0.02,7 | 9 | 21 | 28,74,20260718,0
best time to see the northern lights tonight,0 | 2,880,1 | 13 | 0 | 0 | 0 | 0 | 66 | 0 | 2 | 0 | 0 | 0,37,0,0.01,9 | 21 | 28 | 50,182,20260718,0
can i see the northern lights from my locati0n tonight,0,880,0 | 0 | 0 | 0 | 0 | 0 | 100 | 0 | 0 | 0 | 0 | 0,43,0,0.02,7 | 9 | 21 | 28 | 50,189,20260718,0
can we see northern lights tonight,0,880,0 | 13 | 0 | 0 | 4 | 1 | 66 | 0 | 7 | 0 | 0 | 0,53,0,0.01,7 | 9 | 21 | 28 | 50,176,20260718,0
noaa predicts stunning northern lights visible across northern us tonight,0,880,0 | 0 | 0 | 0 | 0 | 0 | 0 | 100 | 0 | 0 | 0 | 0,22,0,0.33,7 | 9 | 21 | 28 | 50,200,20260718,0
northern lights in ohio tonight,0,880,1 | 12 | 0 | 1 | 6 | 2 | 29 | 3 | 10 | 0 | 1 | 2,26,0,0,9 | 21 | 28,143,20260718,0
northern lights maine tonight,0,880,3 | 19 | 2 | 5 | 13 | 5 | 19 | 4 | 13 | 2 | 2 | 3,31,0,0.33,4 | 9 | 21 | 28,120,20260718,0
northern lights tonight austin,0,880,0 | 3 | 0 | 0 | 0 | 0 | 66 | 0 | 0 | 0 | 0 | 0,27,0,0.33,6 | 7 | 9 | 21 | 28 | 50,116,20260718,0
northern lights tonight houston,0,880,0 | 3 | 0 | 0 | 0 | 0 | 54 | 0 | 1 | 0 | 0 | 0,26,0,0.33,6 | 9 | 21 | 50,106,20260718,0
northern lights tonight in wisconsin,0,880,8 | 36 | 5 | 8 | 16 | 22 | 65 | 5 | 29 | 5 | 10 | 8,17,0,0.33,7 | 9 | 21 | 28 | 50,149,20260718,0
northern lights tonight nashville,0,880,0 | 4 | 0 | 0 | 0 | 0 | 36 | 0 | 2 | 0 | 0 | 0,25,0,0,6 | 9 | 21 | 28,104,20260718,0
northern lights tonight philadelphia,0,880,0 | 7 | 0 | 0 | 1 | 0 | 36 | 0 | 2 | 0 | 0 | 0,23,0,0.33,7 | 9 | 21 | 28 | 50,105,20260718,0
northern lights tonight phoenix,0,880,0 | 3 | 0 | 0 | 0 | 0 | 100 | 0 | 4 | 0 | 0 | 0,25,0,0.33,6 | 9 | 21 | 28 | 50,125,20260718,0
northern lights tonight pittsburgh,0,880,0 | 13 | 0 | 0 | 1 | 0 | 16 | 0 | 1 | 0 | 0 | 0,26,0,0,6 | 9 | 21 | 28 | 50,1330000,20260718,0
northern lights tonight what time,0,880,3 | 81 | 2 | 3 | 4 | 7 | 81 | 0 | 5 | 0 | 0 | 0,53,0,0.01,7 | 9 | 21 | 28 | 50,184,20260718,0
see the northern lights tonight,0,880,2 | 23 | 2 | 4 | 7 | 2 | 66 | 1 | 12 | 1 | 0 | 2,57,0.42,0.02,7 | 9 | 21 | 28 | 50,179,20260718,0
what time is northern lights tonight,0,880,0 | 4 | 0 | 0 | 0 | 1 | 29 | 0 | 5 | 0 | 0 | 0,25,0,0.01,7 | 9 | 21 | 28 | 50,188,20260718,0
when can you see the northern lights tonight,0,880,0 | 13 | 0 | 0 | 0 | 0 | 66 | 0 | 2 | 0 | 0 | 0,29,0,0,9 | 28 | 50,,20260718,0
when is the northern lights tonight,0,880,0 | 12 | 0 | 0 | 1 | 0 | 100 | 0 | 1 | 0 | 0 | 0,48,0,0.02,7 | 9 | 21 | 28 | 50,181,20260718,0
how to see northern lights tonight,0,720,0 | 8 | 0 | 0 | 0 | 0 | 10 | 0 | 2 | 1 | 0 | 0,43,0,0.05,7 | 9 | 21 | 28 | 50,181,20260718,0
northern lights could be visible tonight from parts of massachusetts,0,720,0 | 0 | 0 | 0 | 0 | 0 | 0 | 0 | 0 | 0 | 0 | 0,24,0,0,9 | 13 | 21 | 28,142,20260718,0
northern lights illinois tonight,0,720,1 | 16 | 0 | 3 | 8 | 3 | 100 | 3 | 8 | 1 | 3 | 3,23,0,0.33,7 | 9 | 21 | 28 | 50,107,20260718,0
northern lights in colorado tonight,0,720,1 | 16 | 0 | 1 | 5 | 2 | 81 | 2 | 23 | 1 | 2 | 1,40,0,0,6 | 9 | 21 | 28 | 50,132,20260718,0
northern lights in ct tonight,0,720,1 | 18 | 0 | 2 | 8 | 3 | 100 | 3 | 18 | 1 | 2 | 3,21,0,0.33,6 | 7 | 9 | 13 | 21 | 28 | 50,143,20260718,0
northern lights in maine tonight,0,720,3 | 19 | 3 | 13 | 19 | 10 | 28 | 7 | 19 | 3 | 3 | 4,18,0,0.33,7 | 9 | 20 | 21 | 28 | 50,132,20260718,0
aurora,0,301000,44 | 44 | 29 | 36 | 44 | 54 | 44 | 44 | 54 | 24 | 36 | 44,95,0.68,0.02,1 | 7 | 9 | 13 | 21 | 28 | 36 | 50,110,20260718,0
northern lights,0,246000,7 | 8 | 4 | 6 | 7 | 6 | 24 | 13 | 13 | 4 | 6 | 4,71,1.02,0.02,9 | 21 | 28 | 50,109,20260718,0
aurora borealis,0,135000,7 | 16 | 6 | 6 | 9 | 9 | 20 | 6 | 4 | 4 | 7 | 7,69,0.78,0.01,7 | 9 | 21 | 28 | 50,113,20260718,0
northern lights tonight,0,135000,0 | 7 | 0 | 0 | 2 | 0 | 44 | 0 | 4 | 0 | 0 | 4,42,1.7,0.01,7 | 9 | 21 | 28 | 50,130,20260718,0
aurora forecast,0,90500,20 | 20 | 4 | 16 | 16 | 7 | 36 | 16 | 36 | 11 | 9 | 4,54,1.05,0.33,7 | 9 | 21 | 28,149,20260718,0
storm prediction center,0,90500,30 | 44 | 30 | 20 | 13 | 13 | 9 | 7 | 10 | 10 | 81 | 81,79,2.39,0.33,4 | 9 | 28,181,20260718,0
aurora borealis forecast,0,74000,44 | 44 | 6 | 8 | 13 | 6 | 36 | 11 | 36 | 4 | 7 | 36,57,1.04,0.01,7 | 9 | 21 | 28 | 50,136,20260718,0
northern lights aurora borealis forecast,0,74000,30 | 44 | 13 | 100 | 24 | 6 | 81 | 100 | 81 | 67 | 54 | 2,57,1.05,0.33,7 | 9 | 21 | 28 | 50,174,20260718,0
northern lights forecast,0,60500,7 | 10 | 7 | 13 | 13 | 6 | 20 | 7 | 8 | 2 | 3 | 6,53,1.11,0.01,7 | 9 | 21 | 28 | 50,135,20260718,0
aurora aurora boreal,0,40500,66 | 81 | 0 | 1 | 24 | 20 | 36 | 54 | 36 | 24 | 29 | 100,70,0.78,0.01,5 | 6 | 9 | 20 | 21 | 28 | 50,106,20260718,0
northern lights second time,0,40500,2 | 44 | 1 | 4 | 9 | 2 | 100 | 1 | 16 | 0 | 1 | 0,37,0.64,0.02,9 | 20 | 21 | 28 | 50,127,20260718,0
solar flares,0,33100,54 | 30 | 10 | 8 | 8 | 13 | 24 | 24 | 10 | 24 | 13 | 13,55,1.86,0.33,9 | 20 | 21 | 28 | 41 | 50,121,20260718,0
space weather,0,33100,16 | 36 | 13 | 13 | 16 | 13 | 44 | 20 | 36 | 20 | 13 | 13,56,2.42,0.33,6 | 9 | 28 | 41,121,20260718,0
northern lights northern,0,27100,20 | 20 | 0 | 0 | 13 | 4 | 1 | 6 | 13 | 6 | 4 | 7,71,1.02,0.02,6 | 9 | 13 | 20 | 21 | 28 | 50,109,20260718,0
aurora borealis and,0,22200,0 | 0 | 0 | 1 | 24 | 20 | 0 | 54 | 36 | 24 | 29 | 100,68,0.78,0.01,9 | 20 | 21 | 28 | 50,105,20260718,0
aurora borealis geomagnetic storm,0,22200,16 | 67 | 0 | 16 | 10 | 100 | 0 | 0 | 0 | 0 | 0 | 0,30,0,0.02,5 | 9 | 21 | 28 | 36 | 50,108,20260718,0
aurora borealis northern lights,0,22200,8 | 54 | 6 | 8 | 16 | 7 | 20 | 20 | 24 | 8 | 8 | 10,54,1.02,0.02,7 | 9 | 20 | 21 | 28 | 36 | 50,168,20260718,0
aurora borealis tonight,0,22200,1 | 9 | 0 | 0 | 1 | 1 | 24 | 1 | 3 | 1 | 0 | 4,63,1.52,0.02,7 | 9 | 21 | 28 | 50,136,20260718,0
geomagnetic storm,0,22200,10 | 20 | 3 | 8 | 8 | 7 | 44 | 10 | 30 | 8 | 6 | 4,46,2.16,0.33,9 | 20 | 21 | 28 | 36 | 41 | 50,116,20260718,0
northern lights aurora borealis,0,22200,0 | 36 | 0 | 0 | 0 | 1 | 16 | 11 | 36 | 6 | 4 | 7,54,1.02,0.02,6 | 7 | 9 | 20 | 21 | 28 | 50,165,20260718,0
solar storm,0,22200,11 | 13 | 1 | 3 | 4 | 2 | 13 | 2 | 9 | 1 | 1 | 1,64,2.69,0.33,9 | 20 | 21 | 28 | 50,416,20260718,0
solar flares today,0,18100,20 | 30 | 20 | 8 | 16 | 20 | 54 | 20 | 24 | 20 | 20 | 16,55,1.87,0.33,9 | 21 | 28 | 50,155,20260718,0
spaceweather,0 | 1,18100,24 | 20 | 8 | 20 | 44 | 24 | 36 | 44 | 24 | 20 | 20 | 13,65,2.42,0.33,4 | 6 | 7 | 9 | 20 | 28,140,20260718,0
auroras,0,14800,29 | 20 | 16 | 20 | 29 | 20 | 54 | 36 | 36 | 20 | 100 | 36,64,0.68,0.02,1 | 9 | 20 | 21 | 28 | 36 | 50,123,20260718,0
best places to see aurora in alaska,2,14800,0 | 0 | 0 | 0 | 44 | 0 | 24 | 0 | 29 | 100 | 2 | 10,28,0,0,6 | 7 | 9 | 21 | 28 | 43 | 50,148,20260718,0
northern lights forecast tonight,0,14800,6 | 11 | 3 | 4 | 11 | 7 | 45 | 7 | 20 | 16 | 7 | 9,54,0.89,0.01,7 | 9 | 21 | 28 | 50,135,20260718,0
aurora boreal,0,12100,8 | 13 | 16 | 10 | 10 | 10 | 36 | 8 | 44 | 8 | 29 | 13,70,0.78,0.01,5 | 9 | 20 | 21 | 28 | 50,119,20260718,0
aurora forecast tonight,0,12100,5 | 13 | 3 | 4 | 16 | 13 | 54 | 10 | 30 | 20 | 10 | 5,54,0.89,0.01,7 | 9 | 21 | 28 | 50,138,20260718,0
geomagnetic storms,0,12100,4 | 7 | 1 | 4 | 8 | 4 | 30 | 2 | 16 | 2 | 2 | 2,53,2.16,0.33,9 | 20 | 21 | 28 | 41 | 50,112,20260718,0
northern light,0,12100,20 | 29 | 29 | 20 | 20 | 20 | 54 | 36 | 24 | 20 | 20 | 10,52,1.02,0.02,5 | 7 | 9 | 20 | 21 | 28 | 41 | 50,118,20260718,0
northern lights colorado,0,12100,0 | 13 | 0 | 0 | 2 | 1 | 82 | 0 | 13 | 1 | 0 | 0,18,0,0.33,7 | 9 | 13 | 21 | 28 | 50,108,20260718,0
solar flare today,0,12100,30 | 36 | 10 | 8 | 4 | 7 | 36 | 13 | 10 | 8 | 7 | 10,52,1.87,0.33,9 | 21 | 28 | 50,525,20260718,0
sun solar flares,0,12100,0 | 0 | 0 | 0 | 0 | 0 | 1 | 1 | 0 | 100 | 0 | 16,51,1.32,0.33,5 | 9 | 21 | 28 | 50,132,20260718,0
where can i see the northern lights,0,12100,16 | 29 | 24 | 29 | 36 | 24 | 44 | 29 | 29 | 24 | 20 | 24,38,0.37,0.15,6 | 7 | 9 | 20 | 21 | 28 | 50,215,20260718,0
where can you see the northern lights,0,12100,16 | 24 | 16 | 20 | 20 | 24 | 54 | 29 | 29 | 24 | 13 | 16,43,0.37,0.15,6 | 7 | 9 | 13 | 20 | 21 | 28 | 50,213,20260718,0
alaska northern lights,0,9900,36 | 44 | 19 | 36 | 44 | 66 | 100 | 54 | 44 | 19 | 36 | 36,45,0.81,0.15,7 | 9 | 13 | 20 | 21 | 28 | 41 | 50,132,20260718,0
aurora borealis noaa watch,0,9900,0 | 0 | 0 | 0 | 0 | 0 | 0 | 0 | 0 | 0 | 100 | 0,19,0,0.33,9 | 21 | 28 | 50,108,20260718,0
aurora borealis northern lights tonight,0,9900,0 | 0 | 0 | 0 | 0 | 0 | 54 | 0 | 2 | 0 | 0 | 0,46,1.52,0.02,9 | 15 | 21 | 28 | 49 | 50,51,20260718,0
aurora borealis northern michigan forecast,0,9900,0 | 45 | 9 | 0 | 0 | 0 | 0 | 0 | 0 | 0 | 0 | 0,33,0,0.01,7 | 9 | 21 | 28 | 50,137,20260718,0
aurora lights,0,9900,10 | 13 | 7 | 8 | 10 | 16 | 36 | 13 | 16 | 7 | 7 | 8,68,0.94,0.53,3 | 6 | 7 | 9 | 21 | 28 | 36 | 50,172,20260718,0
noaa aurora forecast,0,9900,4 | 7 | 2 | 2 | 3 | 4 | 16 | 4 | 9 | 1 | 2 | 2,24,0,0.33,7 | 9 | 21 | 28 | 50,105,20260718,0
noaa space weather,1,9900,20 | 29 | 8 | 10 | 16 | 10 | 54 | 20 | 24 | 16 | 13 | 13,71,0,0.33,4 | 6 | 9 | 21 | 28,109,20260718,0
northern lights alaska,0,9900,44 | 36 | 24 | 54 | 36 | 29 | 44 | 44 | 29 | 16 | 36 | 29,49,0.81,0.15,7 | 9 | 13 | 21 | 28 | 41 | 50,32300000,20260718,0
northern lights chicago,0,9900,0 | 16 | 0 | 0 | 6 | 0 | 67 | 1 | 3 | 0 | 0 | 0,24,0,0.33,5 | 7 | 9 | 13 | 21 | 28 | 50,108,20260718,0
northern lights ohio,0,9900,0 | 9 | 0 | 0 | 2 | 0 | 20 | 0 | 2 | 0 | 0 | 0,15,0,0.33,7 | 9 | 13 | 21 | 28 | 50,104,20260718,0
northern lights what,0,9900,3 | 13 | 0 | 0 | 8 | 8 | 100 | 13 | 0 | 7 | 2 | 7,60,0.09,0.06,6 | 9 | 20 | 21 | 28 | 50,112,20260718,0
solar storm today,0 | 1,9900,8 | 8 | 4 | 2 | 4 | 4 | 13 | 8 | 16 | 4 | 4 | 4,87,1.87,0.33,6 | 9 | 21 | 28 | 50,292,20260718,0
the northern lights,0,9900,7 | 13 | 7 | 8 | 10 | 10 | 54 | 13 | 16 | 8 | 8 | 24,65,0.57,0.01,5 | 6 | 9 | 21 | 28 | 50,115,20260718,0
aurora borealis colorado,0,8100,0 | 8 | 0 | 1 | 1 | 0 | 81 | 2 | 5 | 0 | 0 | 0,18,0,0.33,7 | 9 | 13 | 21 | 28 | 50,107,20260718,0
aurora borealis northern lights forecast,0,8100,0 | 36 | 6 | 0 | 0 | 0 | 0 | 0 | 0 | 0 | 0 | 0,54,0,0.01,7 | 9 | 21 | 28 | 50,137,20260718,0
aurora tonight,0,8100,1 | 6 | 0 | 1 | 4 | 6 | 24 | 6 | 20 | 6 | 3 | 11,32,1.52,0.02,7 | 9 | 21 | 28 | 50,137,20260718,0
best time to see northern lights tonight,0 | 2,8100,0 | 9 | 0 | 0 | 0 | 0 | 67 | 0 | 0 | 0 | 0 | 0,32,0,0.33,7 | 9 | 21 | 28 | 50,185,20260718,0
kp index,0,8100,13 | 36 | 8 | 13 | 20 | 13 | 66 | 10 | 29 | 10 | 16 | 10,42,0,0.33,7 | 9 | 21 | 28 | 50,141,20260718,0
my aurora,0,8100,20 | 13 | 20 | 8 | 16 | 24 | 16 | 10 | 20 | 13 | 13 | 16,57,0.71,0.33,7 | 9 | 20 | 28 | 50,112,20260718,0
noaa aurora,0,8100,7 | 24 | 4 | 5 | 24 | 16 | 54 | 8 | 20 | 4 | 5 | 4,31,0,0.33,9 | 21 | 28,105,20260718,0
noaa storm prediction center,0,8100,10 | 20 | 16 | 7 | 8 | 13 | 0 | 2 | 0 | 2 | 29 | 66,96,0,0.33,6 | 9 | 28,109,20260718,0
northern lights map,0,8100,4 | 8 | 1 | 2 | 4 | 2 | 16 | 2 | 7 | 1 | 1 | 1,46,1.33,0.33,5 | 9 | 28 | 50,20,20260718,0
northern lights michigan,0,8100,1 | 13 | 1 | 1 | 11 | 1 | 4 | 0 | 1 | 0 | 0 | 0,32,0.52,0.33,7 | 9 | 13 | 20 | 21 | 28 | 36 | 50,108,20260718,0
what are the northern lights,0,8100,3 | 4 | 2 | 4 | 3 | 4 | 36 | 4 | 4 | 1 | 3 | 2,60,0.09,0.06,6 | 9 | 20 | 21 | 28 | 50,156,20260718,0
what time will the northern lights be visible tonight,0,8100,0 | 9 | 0 | 0 | 1 | 1 | 55 | 1 | 11 | 0 | 0 | 0,45,0.6,0.01,7 | 9 | 21 | 28 | 50,192,20260718,0
aurora borealis map,0,6600,1 | 4 | 1 | 2 | 6 | 3 | 24 | 2 | 6 | 0 | 1 | 1,50,1.33,0.33,5 | 7 | 9 | 13 | 21 | 28,133,20260718,0
aurora prediction,0,6600,29 | 19 | 1 | 13 | 8 | 24 | 36 | 16 | 54 | 13 | 19 | 5,47,1.05,0.33,7 | 9 | 21 | 28,133,20260718,0
can i see the northern lights tonight,0,6600,0 | 6 | 0 | 1 | 2 | 1 | 44 | 0 | 6 | 0 | 0 | 0,41,1.26,0.01,7 | 9 | 21 | 28 | 50,184,20260718,0
geomagnetic storm today,0 | 1,6600,10 | 29 | 7 | 7 | 13 | 10 | 100 | 13 | 44 | 3 | 7 | 3,79,0,0.33,4 | 6 | 9 | 21 | 28 | 50,133,20260718,0
my aurora forecast & alerts app,0,6600,2 | 29 | 8 | 19 | 16 | 24 | 100 | 24 | 66 | 1 | 13 | 1,60,0,0.33,7 | 9 | 21 | 28 | 50,141,20260718,0
northern lights indiana,0,6600,0 | 4 | 0 | 0 | 4 | 0 | 55 | 0 | 2 | 0 | 0 | 0,14,0,0.33,7 | 9 | 13 | 21 | 28 | 50,110,20260718,0
nws outlook,1,6600,54 | 24 | 24 | 16 | 19 | 19 | 13 | 7 | 8 | 13 | 81 | 100,99,0,0.33,21 | 28,112,20260718,0
planet weather,0,6600,0 | 0 | 0 | 0 | 1 | 0 | 1 | 66 | 100 | 5 | 2 | 3,46,0,0.33,7 | 9 | 20 | 21 | 28 | 50,106,20260718,0
solar storms,0,6600,20 | 6 | 2 | 6 | 3 | 2 | 7 | 1 | 4 | 2 | 1 | 1,54,2.69,0.33,9 | 21 | 28 | 41 | 50,243,20260718,0
spaceweatherlive,1,6600,8 | 24 | 3 | 7 | 19 | 19 | 54 | 19 | 36 | 16 | 16 | 13,44,0,0.33,6 | 7 | 28,,20260718,0
aroura,0,5400,29 | 36 | 24 | 24 | 44 | 29 | 54 | 54 | 29 | 44 | 36 | 44,82,0.68,0.02,1 | 7 | 9 | 13 | 20 | 21 | 26 | 28 | 36 | 50,109,20260718,0
aurora australis,0,5400,24 | 19 | 16 | 13 | 16 | 19 | 54 | 19 | 29 | 19 | 19 | 29,51,0,0.33,9 | 20 | 21 | 28 | 50,121,20260718,0
aurora borealis alaska,0,5400,16 | 29 | 24 | 44 | 36 | 54 | 54 | 29 | 24 | 24 | 54 | 24,24,0.81,0.15,7 | 9 | 13 | 20 | 21 | 28 | 41 | 50,127,20260718,0
aurora borealis tracker,0,5400,2 | 16 | 2 | 7 | 13 | 7 | 54 | 8 | 7 | 2 | 3 | 2,64,0.51,0.01,7 | 9 | 21 | 28 | 50,199,20260718,0
aurora forecast for tonight,0,5400,0 | 0 | 0 | 0 | 16 | 13 | 100 | 7 | 19 | 19 | 16 | 10,34,0.89,0.01,7 | 9 | 21 | 28 | 50,140,20260718,0
best time to see northern lights,2,5400,3 | 8 | 2 | 2 | 4 | 3 | 29 | 2 | 8 | 1 | 2 | 1,21,0.79,0.2,6 | 7 | 9 | 13 | 21 | 28 | 43 | 50,160,20260718,0
december 3 aurora borealis forecast,0,5400,0 | 0 | 0 | 0 | 0 | 0 | 0 | 100 | 0 | 0 | 0 | 0,35,0,0.33,9 | 21 | 28 | 50,144,20260718,0
g3 geomagnetic storm watch,0,5400,0 | 0 | 0 | 0 | 0 | 0 | 0 | 100 | 0 | 0 | 0 | 0,27,0,0.33,7 | 9 | 13 | 21 | 28 | 43 | 50,125,20260718,0
hpc weather,0,5400,16 | 0 | 0 | 1 | 1 | 81 | 0 | 2 | 100 | 44 | 66 | 44,60,0,0.33,9 | 21 | 28,142,20260718,0
moderate geomagnetic storm aurora borealis,0,5400,0 | 0 | 0 | 0 | 0 | 0 | 0 | 0 | 0 | 0 | 0 | 0,48,0,0.01,9 | 21 | 28 | 50,104,20260718,0
noaa northern lights,0,5400,8 | 10 | 5 | 4 | 8 | 10 | 44 | 8 | 29 | 3 | 7 | 29,31,0,0.33,5 | 9 | 21 | 28,103,20260718,0
noaa.gov,1,5400,0 | 13 | 13 | 16 | 0 | 8 | 24 | 44 | 81 | 54 | 54 | 19,100,0,0.33,6 | 50,,20260718,0
northen lights,0,5400,10 | 24 | 8 | 10 | 13 | 16 | 36 | 13 | 29 | 13 | 13 | 13,64,1.02,0.02,5 | 9 | 21 | 28 | 50,107,20260718,0
northern lights aurora borealis alaska,0,5400,0 | 1 | 0 | 7 | 0 | 100 | 1 | 1 | 81 | 0 | 100 | 81,35,0.81,0.15,7 | 9 | 13 | 20 | 21 | 28 | 36 | 43 | 50,142,20260718,0
northern lights tonight near me,0 | 3,5400,0 | 2 | 0 | 4 | 1 | 0 | 13 | 1 | 4 | 0 | 0 | 0,42,0.99,0.02,7 | 9 | 21 | 28 | 50,192,20260718,0
northern lights tracker,0,5400,5 | 13 | 2 | 5 | 13 | 7 | 54 | 5 | 16 | 2 | 2 | 3,57,0.51,0.01,7 | 9 | 21 | 28,200,20260718,0
solar weather,0 | 1,5400,29 | 36 | 19 | 19 | 19 | 24 | 66 | 29 | 44 | 29 | 13 | 16,59,1.59,0.33,6 | 9 | 21 | 28 | 50,131,20260718,0
space weather prediction center,1,5400,8 | 20 | 5 | 7 | 10 | 8 | 24 | 10 | 13 | 7 | 10 | 8,70,0,0.33,6 | 9 | 21 | 28,,20260718,0
what time is the aurora borealis tonight,0,5400,0 | 100 | 0 | 2 | 4 | 1 | 81 | 1 | 13 | 0 | 0 | 0,54,0,0.01,7 | 9 | 21 | 28 | 50,190,20260718,0
what time is the northern lights tonight,0,5400,0 | 7 | 0 | 0 | 0 | 0 | 100 | 0 | 0 | 0 | 0 | 0,21,0,0.01,7 | 9 | 21 | 28 | 50,38,20260718,0
where are the northern lights,0,5400,8 | 10 | 8 | 10 | 10 | 10 | 36 | 10 | 10 | 7 | 7 | 5,54,0.35,0.07,7 | 9 | 21 | 28 | 50,189,20260718,0
are the northern lights visible tonight,0,4400,0 | 5 | 0 | 0 | 5 | 1 | 54 | 1 | 5 | 0 | 0 | 0,29,0,0.33,7 | 9 | 21 | 28 | 50,182,20260718,0
aurora borealis december 2025,0,4400,0 | 0 | 0 | 0 | 0 | 0 | 0 | 100 | 0 | 0 | 0 | 0,42,0,0.03,9 | 20 | 21 | 28 | 50,137,20260718,0
aurora borealis january 2-3,0,4400,100 | 0 | 0 | 0,40,0,0,9 | 21 | 28 | 50,693000,20260718,0
aurora lights tonight,0,4400,4 | 44 | 1 | 4 | 13 | 19 | 66 | 8 | 13 | 8 | 8 | 19,47,1.52,0.02,7 | 9 | 21 | 28 | 50,133,20260718,0
aurora map,0,4400,3 | 13 | 1 | 2 | 3 | 3 | 24 | 3 | 10 | 1 | 2 | 2,50,0,0.33,7 | 9 | 13 | 21 | 28,135,20260718,0
aurora map tonight,0,4400,5 | 29 | 1 | 8 | 10 | 4 | 81 | 2 | 24 | 1 | 2 | 3,53,1.51,0.33,5 | 7 | 9 | 21 | 28 | 50,137,20260718,0
auroras boreales,0,4400,10 | 13 | 10 | 10 | 13 | 16 | 66 | 19 | 19 | 8 | 13 | 8,65,0.46,0.02,5 | 7 | 9 | 13 | 20 | 21 | 28 | 50,105,20260718,0
can you see the northern lights tonight,0,4400,0 | 3 | 0 | 0 | 0 | 0 | 36 | 0 | 2 | 0 | 0 | 0,44,0,0.33,7 | 9 | 21 | 28 | 50,186,20260718,0
magnetic storm,0,4400,4 | 7 | 1 | 1 | 2 | 7 | 36 | 16 | 20 | 13 | 13 | 1,28,2.16,0.33,9 | 21 | 28 | 41 | 50,165,20260718,0
noaa convective outlook,1,4400,66 | 66 | 36 | 23 | 10 | 15 | 10 | 3 | 8 | 10 | 66 | 81,67,0,0.33,5 | 6 | 28,74,20260718,0
noaa space weather prediction center,0 | 1,4400,16 | 24 | 7 | 5 | 24 | 10 | 66 | 7 | 54 | 10 | 3 | 7,64,0,0.33,4 | 6 | 9 | 21 | 28,109,20260718,0
northern lights forecast by zip code,0,4400,2 | 6 | 0 | 0 | 3 | 1 | 16 | 1 | 3 | 0 | 0 | 0,31,0.92,0.01,7 | 9 | 28 | 50,198,20260718,0
northern lights oregon,0,4400,2 | 24 | 1 | 1 | 4 | 0 | 7 | 0 | 16 | 0 | 0 | 0,17,0,0.33,7 | 9 | 13 | 20 | 21 | 28 | 36 | 50,34400000,20260718,0
northern lights tonight map,0,4400,2 | 16 | 0 | 3 | 7 | 3 | 44 | 3 | 8 | 0 | 1 | 2,53,1.51,0.33,5 | 7 | 9 | 21 | 28 | 50,135,20260718,0
nothern lights,0,4400,4 | 3 | 2 | 8 | 5 | 10 | 16 | 7 | 10 | 5 | 4 | 5,66,1.02,0.02,9 | 21 | 28 | 50,121,20260718,0
nws storm center,1,4400,0 | 0 | 0 | 0 | 0 | 0 | 0 | 0 | 0 | 0 | 0 | 100,77,0,0.33,1 | 6 | 9 | 28,106,20260718,0
solar flare 2025,0,4400,100 | 100 | 29 | 12 | 12 | 10 | 36 | 29 | 3 | 1 | 0 | 0,85,0,0.33,9 | 21 | 28 | 50,217,20260718,0
space weather live,1,4400,8 | 8 | 8 | 3 | 8 | 24 | 29 | 10 | 19 | 16 | 10 | 10,54,0,0.33,4 | 6 | 9 | 21 | 28,,20260718,0
sun's solar storm,0,4400,0 | 5 | 0 | 0 | 0 | 0 | 0 | 10 | 5 | 100 | 7 | 100,63,1.32,0.33,9 | 20 | 21 | 28 | 50,250,20260718,0
sunspot region 4168 solar storm,0,4400,100 | 100 | 0 | 100 | 0 | 0 | 0 | 0 | 0 | 0 | 0 | 0,47,0,0.33,9 | 13 | 21 | 28 | 50,2700,20260718,0
tonight's aurora forecast,0,4400,10 | 16 | 10 | 3 | 10 | 4 | 19 | 44 | 0 | 100 | 7 | 7,52,0.89,0.01,7 | 9 | 21 | 28 | 50,107,20260718,0
weather forecasting,0,4400,7 | 4 | 5 | 8 | 8 | 4 | 4 | 4 | 5 | 5 | 7 | 0,100,0.39,0.01,7 | 9 | 20 | 28,406000000,20260718,0
what is a geomagnetic storm,0,4400,8 | 10 | 1 | 3 | 3 | 7 | 54 | 4 | 20 | 2 | 2 | 2,38,0,0.33,5 | 9 | 21 | 28 | 50,152,20260718,0
what time are the northern lights tonight,0,4400,0 | 7 | 0 | 0 | 0 | 0 | 36 | 0 | 0 | 0 | 0 | 0,47,0,0.01,7 | 9 | 21 | 28 | 50,188,20260718,0
where are the northern lights located,0,4400,36 | 81 | 29 | 44 | 29 | 54 | 54 | 23 | 36 | 23 | 44 | 23,49,0.37,0.15,6 | 7 | 9 | 13 | 21 | 28 | 50,160,20260718,0
where to see northern lights tonight,0,4400,0 | 13 | 0 | 1 | 1 | 1 | 29 | 1 | 8 | 0 | 0 | 0,58,0.71,0.02,7 | 9 | 21 | 28 | 50,182,20260718,0
alaska aurora forecast,0,3600,6 | 8 | 3 | 24 | 54 | 6 | 66 | 36 | 36 | 10 | 19 | 10,39,1.06,0.01,7 | 9 | 21 | 28 | 50,126,20260718,0
aurora borealis aurora australis,0,3600,0 | 0 | 0 | 0 | 0 | 0 | 0 | 0 | 0 | 81 | 100 | 0,54,0.78,0.01,9 | 21 | 28 | 43 | 50,104,20260718,0
aurora forcast,0,3600,13 | 24 | 3 | 8 | 10 | 2 | 54 | 24 | 81 | 16 | 8 | 0,28,1.05,0.33,7 | 9 | 21 | 28,141,20260718,0
aurora forecast alaska,0,3600,13 | 16 | 16 | 36 | 81 | 44 | 54 | 54 | 44 | 36 | 36 | 24,39,1.06,0.01,7 | 9 | 21 | 28 | 50,133,20260718,0
aurora near me,3,3600,10 | 54 | 36 | 36 | 54 | 66 | 66 | 54 | 54 | 36 | 66 | 54,51,0,0.33,3 | 6 | 7 | 9 | 21 | 28 | 50,159,20260718,0
aurora northern lights,0,3600,2 | 3 | 1 | 1 | 24 | 3 | 13 | 3 | 3 | 2 | 1 | 1,56,0.57,0.37,5 | 7 | 9 | 20 | 21 | 28 | 41 | 50,106,20260718,0
aurora tracker,0,3600,4 | 19 | 2 | 5 | 10 | 7 | 54 | 13 | 19 | 1 | 3 | 2,64,0.4,0.33,7 | 9 | 21 | 28,205,20260718,0
auroras tonight,0,3600,2 | 16 | 2 | 3 | 8 | 3 | 100 | 5 | 5 | 1 | 0 | 8,53,1.52,0.02,7 | 9 | 21 | 28 | 50,136,20260718,0
electromagnetic storm,0,3600,13 | 10 | 3 | 5 | 8 | 13 | 29 | 19 | 10 | 10 | 13 | 5,44,2.16,0.33,9 | 20 | 21 | 28 | 36 | 41 | 50,122,20260718,0
g4 geomagnetic storm,0,3600,3 | 16 | 0 | 0 | 0 | 0 | 29 | 0 | 13 | 0 | 0 | 0,29,0,0.33,5 | 6 | 9 | 21 | 28 | 36 | 50,118,20260718,0
how to see the northern lights,0,3600,1 | 7 | 1 | 1 | 2 | 1 | 66 | 2 | 8 | 1 | 3 | 1,17,0.61,0.19,7 | 9 | 13 | 21 | 28 | 50,185,20260718,0
nasa solar flares,0,3600,100 | 1 | 0 | 0 | 0 | 0 | 1 | 1 | 0 | 0 | 0 | 0,73,0,0.33,5 | 9 | 21 | 28 | 50,145,20260718,0
noaa aurora borealis forecast,0,3600,5 | 3 | 10 | 16 | 24 | 44 | 100 | 54 | 3 | 1 | 3 | 2,41,0,0.33,5 | 7 | 9 | 21 | 28 | 50,100,20260718,0
noaa solar weather,1,3600,3 | 44 | 13 | 2 | 8 | 13 | 54 | 3 | 29 | 8 | 5 | 8,70,0,0.33,4 | 6 | 9 | 21 | 28,,20260718,0
noaa space weather g2 storm,1,3600,0 | 0 | 0 | 0 | 0 | 0 | 0 | 0 | 0 | 0 | 100 | 0,31,0,0.33,6 | 9 | 21 | 28,153,20260718,0
northern lights california,0,3600,0 | 2 | 0 | 0 | 0 | 0 | 3 | 0 | 2 | 0 | 0 | 0,26,0,0.33,7 | 9 | 13 | 20 | 21 | 28 | 50,110,20260718,0
northern lights colorado tonight,0,3600,0 | 2 | 0 | 0 | 0 | 0 | 100 | 0 | 3 | 0 | 0 | 0,27,0,0.33,7 | 9 | 21 | 28 | 50,133,20260718,0
northern lights kansas city,0,3600,0 | 3 | 0 | 0 | 0 | 0 | 66 | 0 | 5 | 0 | 0 | 0,22,0,0.33,1 | 6 | 7 | 9 | 21 | 28 | 43 | 50,18800000,20260718,0
northern lights seattle,0,3600,1 | 4 | 0 | 1 | 1 | 1 | 7 | 0 | 7 | 0 | 1 | 0,11,1.13,0.33,1 | 6 | 7 | 9 | 13 | 21 | 28 | 43 | 50,132,20260718,0
northern lights utah,0,3600,1 | 2 | 0 | 0 | 0 | 0 | 29 | 0 | 8 | 0 | 0 | 0,21,0,0.33,7 | 9 | 13 | 20 | 21 | 28 | 50,114,20260718,0
solar storm 2025,0,3600,54 | 81 | 19 | 10 | 16 | 4 | 24 | 5 | 1 | 0 | 0 | 0,55,0,0.33,9 | 20 | 21 | 28 | 36 | 50,205,20260718,0
space weather forecast,1,3600,13 | 16 | 4 | 8 | 10 | 8 | 36 | 8 | 13 | 7 | 13 | 7,88,0,0.33,6 | 9 | 28,,20260718,0
what is the aurora borealis,0,3600,8 | 12 | 24 | 24 | 16 | 19 | 66 | 12 | 19 | 24 | 16 | 19,66,0.12,0.02,7 | 9 | 20 | 21 | 28 | 50,142,20260718,0
alaska aurora,0,2900,7 | 3 | 3 | 4 | 24 | 5 | 29 | 19 | 29 | 13 | 10 | 13,35,0.81,0.15,1 | 5 | 7 | 9 | 13 | 20 | 21 | 28 | 50,130,20260718,0
aurora borealis chicago,0,2900,0 | 4 | 0 | 0 | 6 | 0 | 16 | 0 | 2 | 0 | 0 | 0,18,0,0.33,5 | 7 | 9 | 21 | 28 | 50,108,20260718,0
aurora borealis map tonight,0,2900,3 | 36 | 4 | 8 | 5 | 7 | 44 | 2 | 13 | 2 | 4 | 8,56,1.51,0.33,5 | 7 | 9 | 13 | 21 | 28 | 50,135,20260718,0
aurora borealis march forecast,0,2900,100 | 44 | 7 | 12 | 23 | 16 | 81 | 19 | 54 | 10 | 29 | 0,44,1.04,0.01,9 | 20 | 21 | 28 | 43 | 50,120,20260718,0
aurora borealis michigan,0,2900,1 | 7 | 0 | 2 | 8 | 3 | 10 | 3 | 3 | 0 | 2 | 1,32,0.52,0.33,6 | 7 | 9 | 20 | 21 | 28 | 50,110,20260718,0
aurora borealis northern,0,2900,10 | 15 | 1 | 5 | 81 | 15 | 100 | 19 | 10 | 8 | 8 | 10,69,0.57,0.37,9 | 20 | 21 | 28 | 50,109,20260718,0
aurora borealis thanksgiving forecast,0,2900,0 | 0 | 0 | 0 | 0 | 0 | 100 | 0 | 0 | 0 | 0 | 0,45,0,0.33,7 | 9 | 21 | 28 | 50,31300,20260718,0
best time to see aurora borealis,2,2900,19 | 29 | 13 | 15 | 19 | 19 | 100 | 19 | 44 | 10 | 10 | 8,17,0.79,0.2,6 | 9 | 21 | 28 | 43 | 50,157,20260718,0
best time to see northern lights in alaska,2,2900,29 | 24 | 29 | 36 | 24 | 36 | 36 | 29 | 44 | 24 | 24 | 19,23,0.74,0.31,6 | 9 | 21 | 28 | 43 | 50,143,20260718,0
bird wing solar eruption tomorrow,0,2900,100 | 0 | 0 | 0 | 0 | 0 | 0 | 0 | 0 | 0 | 0 | 0,26,0,0.33,9 | 20 | 21 | 28 | 50,105000,20260718,0
can i see the aurora borealis tonight,0,2900,4 | 36 | 3 | 6 | 19 | 8 | 100 | 6 | 29 | 2 | 4 | 4,43,1.26,0.01,7 | 9 | 21 | 28 | 50,174,20260718,0
fairbanks alaska northern lights,0,2900,16 | 23 | 29 | 35 | 44 | 44 | 66 | 66 | 44 | 44 | 35 | 23,33,0.98,0.31,6 | 7 | 9 | 13 | 21 | 28 | 36 | 50,135,20260718,0
geometric storm,0,2900,35 | 54 | 16 | 44 | 66 | 23 | 100 | 16 | 44 | 16 | 10 | 7,54,2.16,0.33,9 | 21 | 28 | 36 | 41 | 50,117,20260718,0
how to see aurora borealis,0,2900,2 | 16 | 2 | 2 | 8 | 4 | 100 | 0 | 19 | 1 | 5 | 2,15,0.61,0.19,7 | 9 | 21 | 28 | 43 | 50,186,20260718,0
june northern lights geomagnetic storm watch,0,2900,5 | 100 | 0 | 0 | 0 | 0 | 0 | 0 | 0 | 0 | 0 | 0,42,0,0.33,9 | 20 | 21 | 28 | 50,132,20260718,0
kc in northern lights,0,2900,0 | 2 | 0 | 0 | 0 | 0 | 100 | 0 | 7 | 0 | 0 | 0,19,0,0.33,1 | 6 | 7 | 9 | 20 | 21 | 28 | 50,39400000,20260718,0
lights of the aurora,0,2900,10 | 15 | 1 | 5 | 81 | 15 | 100 | 19 | 10 | 8 | 8 | 10,64,0.57,0.37,6 | 9 | 20 | 21 | 28 | 50,173,20260718,0
magnetic storm today,0 | 1,2900,23 | 29 | 15 | 8 | 23 | 19 | 100 | 19 | 54 | 10 | 10 | 8,48,0,0.33,6 | 9 | 21 | 28 | 50,146,20260718,0
noaa outlook,1,2900,54 | 44 | 44 | 35 | 23 | 23 | 19 | 16 | 19 | 10 | 81 | 100,93,0,0.33,6 | 9 | 28,119,20260718,0
northern lights before:2024-10-10,0,2900,0 | 100 | 0 | 0 | 0 | 81 | 0 | 0 | 0 | 0 | 0 | 0,37,0,0,20 | 28 | 50,87700000,20260718,0
northern lights illinois,0,2900,0 | 1 | 0 | 0 | 1 | 0 | 20 | 0 | 0 | 0 | 0 | 0,21,0,0.33,7 | 9 | 13 | 21 | 28 | 50,108,20260718,0
northern lights maryland,0,2900,1 | 10 | 0 | 0 | 3 | 0 | 100 | 1 | 16 | 0 | 0 | 0,19,0,0.33,6 | 9 | 13 | 21 | 28 | 50,110,20260718,0
northern lights michigan tonight,0,2900,3 | 29 | 2 | 3 | 16 | 5 | 24 | 3 | 4 | 0 | 2 | 1,28,0,0.33,7 | 9 | 21 | 28 | 50,135,20260718,0
northern lights nyc,0,2900,1 | 4 | 0 | 1 | 3 | 1 | 13 | 1 | 7 | 0 | 0 | 1,16,0,0.33,7 | 9 | 21 | 28 | 50,108,20260718,0
northern lights tonight massachusetts,0,2900,0 | 16 | 0 | 0 | 1 | 0 | 44 | 0 | 3 | 0 | 0 | 0,22,0,0.33,7 | 9 | 21 | 28 | 50,108,20260718,0
northern lights visible tonight,0,2900,2 | 16 | 1 | 2 | 7 | 2 | 100 | 2 | 5 | 0 | 1 | 2,30,0,0.33,7 | 9 | 21 | 28 | 50,136,20260718,0
northern lights wisconsin,0,2900,1 | 5 | 1 | 2 | 8 | 2 | 16 | 1 | 3 | 0 | 0 | 0,19,0,0.33,7 | 9 | 21 | 28 | 50,108,20260718,0
severe geomagnetic storm alert,0,2900,0 | 0 | 0 | 0 | 0 | 0 | 0 | 0 | 100 | 0 | 0 | 0,28,0,0.33,9 | 21 | 28,119,20260718,0
solar activity,0,2900,36 | 29 | 19 | 16 | 24 | 24 | 54 | 29 | 29 | 24 | 24 | 24,57,3.54,0.33,9 | 21 | 28 | 36 | 50,135,20260718,0
solarham,0,2900,29 | 44 | 24 | 29 | 24 | 19 | 66 | 19 | 24 | 24 | 16 | 10,22,0,0.33,4 | 7 | 9 | 13 | 20 | 21 | 28,103,20260718,0
southern lights aurora,0,2900,10 | 43 | 15 | 19 | 54 | 54 | 54 | 24 | 36 | 43 | 66 | 81,32,0,0.33,5 | 9 | 13 | 20 | 21 | 28 | 36 | 50,115,20260718,0
storm prediction,0,2900,8 | 12 | 6 | 10 | 0 | 16 | 8 | 10 | 100 | 3 | 44 | 6,75,2.39,0.33,4 | 9 | 28,330,20260718,0
swpc,1,2900,19 | 24 | 10 | 12 | 19 | 12 | 54 | 16 | 36 | 10 | 10 | 8,44,0,0.33,1 | 6 | 9 | 20 | 21 | 28,110,20260718,0
weather .gov,1,2900,29 | 0 | 0 | 0 | 0 | 100 | 44 | 36 | 36 | 29 | 23 | 0,70,0.93,0.33,6 | 21,,20260718,0
what is a solar storm,0,2900,4 | 16 | 2 | 2 | 2 | 1 | 16 | 2 | 7 | 2 | 2 | 2,35,2.02,0.33,7 | 9 | 20 | 21 | 28 | 36 | 50,173,20260718,0
what time can i see the northern lights,0,2900,0 | 8 | 0 | 0 | 0 | 0 | 66 | 0 | 0 | 0 | 0 | 0,25,0,0.05,6 | 7 | 9 | 21 | 28 | 50,199,20260718,0
what time can you see the northern lights tonight,0,2900,0 | 10 | 0 | 0 | 1 | 0 | 54 | 0 | 2 | 0 | 0 | 0,28,0,0.01,6 | 7 | 9 | 21 | 28 | 50,190,20260718,0
what time to see northern lights tonight,0,2900,0 | 8 | 0 | 0 | 1 | 0 | 54 | 0 | 2 | 0 | 0 | 0,35,0,0.33,6 | 7 | 9 | 21 | 28 | 50,183,20260718,0
what time will the northern lights be visible,0,2900,0 | 19 | 0 | 0 | 0 | 0 | 81 | 0 | 0 | 0 | 0 | 0,29,0,0.05,7 | 9 | 21 | 28 | 50,204,20260718,0
when can i see the northern lights tonight,0,2900,0 | 8 | 0 | 0 | 0 | 0 | 100 | 0 | 1 | 0 | 0 | 0,45,0,0.01,7 | 9 | 21 | 28 | 50,189,20260718,0
when can you see the northern lights,0,2900,3 | 13 | 8 | 3 | 3 | 2 | 44 | 2 | 4 | 1 | 2 | 1,26,0.47,0.09,7 | 9 | 21 | 28 | 50,186,20260718,0
where can you see the aurora borealis,0,2900,19 | 29 | 44 | 29 | 66 | 44 | 44 | 23 | 44 | 35 | 23 | 54,48,0.37,0.15,6 | 9 | 20 | 21 | 28 | 50,218,20260718,0
where to see the northern lights tonight,0,2900,2 | 24 | 0 | 2 | 10 | 1 | 100 | 0 | 10 | 0 | 1 | 1,26,0.71,0.02,7 | 9 | 21 | 28 | 50,177,20260718,0
will the northern lights be visible tonight,0,2900,0 | 5 | 0 | 0 | 3 | 1 | 44 | 0 | 3 | 0 | 0 | 0,56,0,0.01,7 | 9 | 21 | 28 | 50,185,20260718,0
alaska aurora borealis,0,2400,1 | 1 | 7 | 7 | 8 | 7 | 13 | 29 | 7 | 2 | 10 | 19,45,0.81,0.15,9 | 21 | 28 | 41 | 50,20,20260718,0
au aurora,0,2400,0 | 81 | 0 | 16 | 29 | 100 | 10 | 0 | 0 | 66 | 100 | 100,45,0,0.33,9 | 21 | 28 | 50,20,20260718,0
aurora borealis california,0,2400,0 | 2 | 0 | 0 | 0 | 0 | 4 | 0 | 1 | 0 | 0 | 0,22,0,0.33,7 | 9 | 13 | 20 | 21 | 28 | 50,108,20260718,0
aurora borealis forecast for my area,0,2400,5 | 8 | 1 | 8 | 8 | 6 | 100 | 8 | 19 | 3 | 4 | 4,56,0.97,0.01,7 | 9 | 21 | 28 | 50,198,20260718,0
aurora borealis forecast tonight,0,2400,10 | 35 | 10 | 12 | 35 | 19 | 66 | 23 | 54 | 35 | 29 | 44,44,0.89,0.01,7 | 9 | 21 | 28 | 50,133,20260718,0
aurora borealis nyc,0,2400,0 | 1 | 2 | 4 | 16 | 0 | 7 | 1 | 13 | 0 | 1 | 2,21,0,0.33,7 | 9 | 20 | 21 | 28 | 50,107,20260718,0
aurora borealis ohio,0,2400,0 | 2 | 0 | 0 | 2 | 0 | 6 | 1 | 1 | 0 | 0 | 0,11,0,0.33,7 | 9 | 21 | 28 | 43 | 50,109,20260718,0
aurora borealis visible tonight,0,2400,2 | 10 | 0 | 3 | 10 | 3 | 100 | 3 | 16 | 0 | 1 | 2,32,0,0.33,7 | 9 | 21 | 28 | 50,139,20260718,0
aurora forecast fairbanks,0,2400,10 | 5 | 10 | 36 | 100 | 24 | 36 | 81 | 66 | 66 | 28 | 13,34,0.95,0.02,6 | 7 | 9 | 21 | 28,109,20260718,0
aurora forecast for alaska,0,2400,13 | 1 | 0 | 2 | 3 | 36 | 100 | 1 | 0 | 0 | 1 | 0,43,1.06,0.01,0 | 6 | 7 | 9 | 21 | 28 | 50,124,20260718,0
aurora today,0,2400,2 | 16 | 1 | 2 | 7 | 3 | 54 | 4 | 8 | 1 | 2 | 2,46,0,0.33,7 | 9 | 21 | 28 | 50,141,20260718,0
best time to visit alaska to see northern lights,0 | 2,2400,36 | 28 | 43 | 43 | 24 | 28 | 43 | 43 | 28 | 19 | 28 | 28,23,0.74,0.31,6 | 9 | 21 | 28 | 50,3590,20260718,0
borealis aurora,0,2400,1 | 2 | 3 | 2 | 4 | 7 | 44 | 0 | 24 | 0 | 0 | 8,63,1.02,0.02,5 | 7 | 9 | 13 | 20 | 21 | 28 | 50,109,20260718,0
colorado northern lights,0,2400,2 | 24 | 0 | 5 | 10 | 3 | 100 | 7 | 16 | 2 | 0 | 0,21,0,0.33,7 | 9 | 21 | 28 | 50,109,20260718,0
fairbanks alaska aurora borealis tours,1,2400,4 | 5 | 5 | 7 | 8 | 2 | 10 | 10 | 81 | 5 | 3 | 2,32,1.91,0.05,3 | 6 | 7 | 9 | 13 | 28,165,20260718,0
fairbanks alaska northern lights tour,0,2400,8 | 3 | 10 | 5 | 2 | 8 | 2 | 2 | 100 | 3 | 29 | 2,25,1.91,0.05,7 | 9 | 13 | 21 | 28 | 50,174,20260718,0
fairbanks aurora,0,2400,13 | 19 | 28 | 28 | 54 | 43 | 43 | 19 | 54 | 8 | 36 | 28,46,0.98,0.31,1 | 7 | 9 | 13 | 20 | 21 | 28,125,20260718,0
fairbanks aurora prediction,0,2400,1 | 1 | 1 | 7 | 29 | 19 | 3 | 2 | 29 | 36 | 100 | 0,13,0.95,0.02,9 | 21 | 28 | 43 | 50,107,20260718,0
fairbanks northern lights,0,2400,24 | 19 | 28 | 54 | 36 | 54 | 100 | 54 | 19 | 19 | 24 | 8,38,0.98,0.31,6 | 7 | 9 | 13 | 15 | 21 | 28 | 43 | 50,132,20260718,0
full halo event forecast,0 | 1,2400,0 | 0 | 0 | 0 | 0 | 0 | 0 | 100 | 0 | 0 | 0 | 0,30,0,0.33,7 | 9 | 28 | 50,133,20260718,0
g4 geomagnetic storm noaa,0 | 1,2400,0 | 0 | 0 | 0 | 0 | 0 | 0 | 0 | 100 | 0 | 0 | 0,33,0,0.33,6 | 9 | 21 | 28 | 50,7,20260718,0
geomagnetic storm aurora borealis,0,2400,0 | 0 | 0 | 0 | 81 | 0 | 0 | 0 | 16 | 0 | 0 | 0,50,0,0.01,9 | 21 | 28 | 36 | 50,108,20260718,0
how watch northern lights,0,2400,0 | 0 | 0 | 0 | 0 | 0 | 0 | 0 | 0 | 0 | 44 | 100,28,1.14,0.08,7 | 9 | 20 | 21 | 28 | 50,168,20260718,0
noaa northern lights forecast,0,2400,4 | 13 | 3 | 5 | 8 | 13 | 13 | 7 | 13 | 3 | 8 | 5,18,0,0.33,7 | 9 | 21 | 28 | 50,101,20260718,0
norther lights,0,2400,13 | 36 | 8 | 24 | 19 | 24 | 54 | 36 | 36 | 10 | 19 | 13,67,1.02,0.02,9 | 21 | 28 | 50,110,20260718,0
northern lights forecast alaska,0,2400,8 | 19 | 15 | 66 | 66 | 24 | 28 | 54 | 54 | 36 | 54 | 36,36,1.06,0.01,6 | 7 | 9 | 21 | 28 | 50,124,20260718,0
northern lights g3 storm,0,2400,0 | 0 | 0 | 0 | 0 | 0 | 0 | 0 | 0 | 0 | 100 | 0,31,0,0.33,9 | 20 | 21 | 28 | 50,184,20260718,0
northern lights in alaska,0,2400,23 | 23 | 19 | 29 | 23 | 44 | 81 | 23 | 29 | 16 | 16 | 16,48,0.54,0.24,7 | 9 | 13 | 20 | 21 | 28 | 36 | 50,131,20260718,0
northern lights in indiana,0,2400,2 | 13 | 0 | 2 | 10 | 2 | 100 | 2 | 8 | 0 | 1 | 0,10,0,0.33,7 | 9 | 20 | 21 | 28 | 43 | 50,109,20260718,0
northern lights in michigan,0,2400,12 | 66 | 8 | 19 | 29 | 10 | 12 | 1 | 2 | 8 | 2 | 1,22,0.52,0.33,7 | 9 | 13 | 21 | 28 | 36 | 50,128,20260718,0
northern lights june 2025,0,2400,0 | 100 | 0 | 0 | 0 | 0 | 0 | 0 | 0 | 0 | 0 | 0,26,0,0.33,9 | 21 | 28 | 50,140,20260718,0
northern lights maine,0,2400,13 | 66 | 15 | 13 | 36 | 15 | 36 | 8 | 23 | 5 | 8 | 8,18,5.52,0.01,7 | 9 | 13 | 21 | 28 | 36 | 50,109,20260718,0
northern lights map tonight,0,2400,1 | 24 | 2 | 10 | 4 | 3 | 54 | 2 | 36 | 0 | 3 | 7,53,1.51,0.33,5 | 7 | 9 | 21 | 28 | 50,136,20260718,0
northern lights massachusetts,0,2400,0 | 7 | 0 | 0 | 3 | 1 | 16 | 1 | 8 | 0 | 0 | 0,20,0,0.33,5 | 7 | 9 | 13 | 20 | 21 | 28 | 50,110,20260718,0
northern lights minnesota,0,2400,4 | 5 | 3 | 2 | 7 | 5 | 44 | 4 | 7 | 2 | 7 | 2,11,0,0.33,7 | 9 | 13 | 21 | 28 | 50,108,20260718,0
northern lights near me,0 | 3,2400,5 | 16 | 4 | 7 | 10 | 7 | 54 | 7 | 13 | 4 | 5 | 5,26,0.71,0.01,7 | 9 | 21 | 28 | 50,202,20260718,0
northern lights st louis,0,2400,0 | 3 | 0 | 0 | 0 | 0 | 100 | 0 | 4 | 0 | 0 | 0,26,0,0.33,5 | 9 | 20 | 21 | 28 | 50,109,20260718,0
northern lights sunday night,0,2400,5 | 100 | 0 | 0 | 0 | 0 | 0 | 0 | 0 | 0 | 0 | 0,31,0,0.33,7 | 9 | 21 | 28 | 50,110,20260718,0
northern lights texas,0,2400,0 | 13 | 0 | 1 | 0 | 0 | 54 | 3 | 36 | 0 | 0 | 0,21,0,0.33,7 | 9 | 13 | 21 | 28 | 36 | 50,110,20260718,0
northern lights today,0,2400,2 | 10 | 1 | 3 | 8 | 3 | 54 | 4 | 13 | 1 | 2 | 2,47,0,0.33,7 | 9 | 21 | 28 | 50,139,20260718,0
northern lights tonight dallas,0,2400,0 | 4 | 0 | 0 | 0 | 0 | 100 | 0 | 1 | 0 | 0 | 0,23,0,0.01,5 | 6 | 7 | 9 | 13 | 20 | 21 | 28 | 50,107,20260718,0
northern lights tonight new jersey,0,2400,0 | 7 | 0 | 0 | 1 | 0 | 44 | 0 | 1 | 0 | 0 | 0,17,0,0.33,9 | 21 | 28 | 50,107,20260718,0
northern lights where,0,2400,3 | 7 | 8 | 1 | 2 | 1 | 1 | 4 | 100 | 3 | 8 | 5,55,0.37,0.15,6 | 7 | 9 | 21 | 28 | 50,134,20260718,0
solar storm warning today,0,2400,8 | 13 | 5 | 5 | 0 | 4 | 10 | 0 | 10 | 0 | 3 | 0,45,0,0,6 | 9 | 21 | 28 | 50,217,20260718,0
weather forecast websites,0,2400,29 | 29 | 36 | 16 | 22 | 54 | 100 | 43 | 100 | 65 | 43 | 81,100,0.32,0.02,6 | 9 | 28 | 50,137,20260718,0
what time can i see the northern lights tonight,0,2400,0 | 8 | 0 | 0 | 2 | 0 | 54 | 0 | 7 | 0 | 0 | 0,24,0,0.01,7 | 9 | 21 | 28 | 50,183,20260718,0
when do you see aurora borealis,0,2400,4 | 24 | 0 | 3 | 7 | 3 | 100 | 3 | 7 | 2 | 3 | 3,32,0.47,0.09,6 | 7 | 9 | 21 | 28 | 50,176,20260718,0
when is the best time to see the northern lights,2,2400,5 | 16 | 7 | 7 | 8 | 7 | 81 | 5 | 13 | 4 | 4 | 4,22,0.66,0.25,6 | 9 | 21 | 28 | 50,178,20260718,0
when is the best time to view the aurora borealis,0 | 2,2400,3 | 7 | 0 | 2 | 3 | 3 | 54 | 3 | 4 | 2 | 2 | 3,10,0.66,0.25,6 | 7 | 9 | 21 | 28 | 50,166,20260718,0
where can i see the northern lights tonight,0,2400,0 | 4 | 0 | 0 | 0 | 1 | 36 | 0 | 7 | 0 | 0 | 0,43,0.71,0.02,7 | 9 | 15 | 21 | 28 | 50,184,20260718,0
where is a storm right now,0,2400,1 | 10 | 0 | 3 | 10 | 12 | 3 | 3 | 100 | 8 | 19 | 10,90,0.73,0.01,7 | 9 | 21 | 28,231,20260718,0
where is the storm right now,0,2400,4 | 5 | 7 | 3 | 8 | 10 | 2 | 2 | 66 | 5 | 13 | 5,92,0.73,0.01,7 | 9 | 21 | 28,231,20260718,0
aurora alaska,0,1900,4 | 4 | 3 | 16 | 10 | 66 | 36 | 19 | 7 | 3 | 13 | 36,40,0.81,0.15,1 | 7 | 9 | 13 | 20 | 21 | 28 | 50,131,20260718,0
aurora alert,0,1900,4 | 4 | 0 | 0 | 1 | 3 | 8 | 1 | 2 | 0 | 0 | 0,63,0.38,0.01,9 | 21 | 28,209,20260718,0
aurora app,0,1900,8 | 23 | 8 | 10 | 23 | 13 | 66 | 23 | 13 | 8 | 4 | 1,60,2.49,0.02,7 | 9 | 21 | 28 | 50,164,20260718,0
aurora aurora aurora,0 | 3,1900,0 | 0 | 8 | 0 | 81 | 3 | 1 | 1 | 44 | 66 | 100 | 1,85,1.21,0.33,1 | 5 | 7 | 9 | 20 | 21 | 28,105,20260718,0
aurora borealis fairbanks,0,1900,12 | 12 | 10 | 23 | 44 | 35 | 81 | 66 | 3 | 16 | 5 | 4,39,0.98,0.31,6 | 7 | 9 | 20 | 21 | 28 | 36 | 50,135,20260718,0
aurora borealis indiana,0,1900,0 | 3 | 0 | 0 | 2 | 0 | 16 | 0 | 2 | 0 | 0 | 0,15,0,0.33,9 | 21 | 28 | 50,110,20260718,0
aurora borealis new york,0,1900,0 | 2 | 0 | 0 | 3 | 0 | 1 | 1 | 8 | 0 | 0 | 1,27,0,0.33,5 | 7 | 9 | 13 | 20 | 21 | 28 | 50,7620000,20260718,0
aurora borealis oregon,0,1900,0 | 3 | 0 | 0 | 1 | 0 | 1 | 0 | 6 | 0 | 0 | 0,23,0,0.33,7 | 9 | 21 | 28 | 50,110,20260718,0
aurora borealis prediction,0,1900,3 | 7 | 54 | 12 | 23 | 2 | 5 | 4 | 100 | 5 | 10 | 29,28,1.04,0.01,6 | 7 | 9 | 21 | 28 | 50,128,20260718,0
aurora borealis today,0,1900,3 | 19 | 3 | 4 | 12 | 5 | 54 | 6 | 19 | 3 | 3 | 3,64,0,0.01,9 | 21 | 28,132,20260718,0
aurora borealis utah,0,1900,0 | 2 | 0 | 0 | 2 | 1 | 36 | 0 | 19 | 0 | 1 | 0,21,0,0.33,7 | 9 | 20 | 21 | 28 | 43 | 50,105,20260718,0
aurora borealis viewing locations monday,0,1900,44 | 54 | 44 | 12 | 0 | 0 | 0 | 0 | 0 | 0 | 0 | 0,43,0,0.04,6 | 7 | 9 | 21 | 28 | 50,64,20260718,0
aurora borealis visibility us states,0,1900,4 | 36 | 3 | 5 | 0 | 0 | 0 | 0 | 0 | 0 | 0 | 0,44,0,0.33,7 | 9 | 21 | 28 | 50,136,20260718,0
aurora borealis weather forecast iceland,0,1900,19 | 15 | 2 | 13 | 43 | 36 | 66 | 36 | 28 | 36 | 36 | 24,49,0.32,0.11,9 | 21 | 28 | 50,136,20260718,0
aurora forecast map,0,1900,3 | 13 | 1 | 5 | 4 | 3 | 24 | 3 | 5 | 1 | 1 | 2,58,0,0.33,5 | 7 | 9 | 13 | 28,140,20260718,0
aurora northern lights locati0n,0,1900,65 | 36 | 2 | 10 | 36 | 43 | 100 | 54 | 36 | 43 | 54 | 36,53,1.06,0.04,7 | 9 | 21 | 28 | 50,138,20260718,0
aurora projector northern and southern lights,0,1900,10 | 12 | 1 | 8 | 10 | 12 | 54 | 100 | 16 | 23 | 12 | 16,22,0.66,1,6 | 7 | 9 | 20 | 21 | 28 | 50,431000,20260718,0
aurora usa,0,1900,4 | 10 | 3 | 4 | 5 | 3 | 16 | 3 | 5 | 1 | 2 | 2,73,0.33,0.04,1 | 9 | 13 | 21 | 28 | 41 | 50,136,20260718,0
aurora watch,0,1900,7 | 10 | 4 | 13 | 13 | 7 | 29 | 13 | 10 | 8 | 7 | 10,78,0.3,0.83,9 | 21 | 28,196,20260718,0
aurora weather forecast,0,1900,80 | 36 | 44 | 66 | 52 | 80 | 80 | 44 | 52 | 44 | 20 | 80,48,0.19,0.33,0 | 9 | 28,146,20260718,0
best time to view northern lights,2,1900,10 | 54 | 15 | 15 | 36 | 36 | 100 | 19 | 43 | 13 | 19 | 15,27,0.79,0.2,6 | 7 | 9 | 21 | 28 | 43 | 50,179,20260718,0
can i see northern lights tonight,0,1900,0 | 10 | 0 | 0 | 4 | 2 | 81 | 0 | 4 | 2 | 0 | 0,57,1.26,0.01,7 | 9 | 21 | 28 | 50,179,20260718,0
can i see the aurora tonight,0,1900,0 | 0 | 0 | 2 | 0 | 0 | 100 | 0 | 0 | 0 | 0 | 0,45,1.26,0.01,7 | 9 | 21 | 28 | 50,175,20260718,0
can we see the northern lights tonight,0,1900,0 | 4 | 0 | 0 | 2 | 0 | 24 | 0 | 3 | 0 | 0 | 0,44,0,0.01,9 | 21 | 28,179,20260718,0
g3 geomagnetic storm,0,1900,1 | 2 | 0 | 2 | 100 | 3 | 8 | 19 | 1 | 0 | 100 | 0,20,0,0.33,5 | 9 | 13 | 20 | 21 | 28 | 36 | 50,130,20260718,0
geomatic storm,0,1900,0 | 100 | 0 | 0 | 0 | 0 | 1 | 0 | 0 | 0 | 0 | 0,54,2.16,0.33,5 | 9 | 21 | 28 | 36 | 41 | 50,119,20260718,0
how to see northern lights,0,1900,0 | 7 | 0 | 3 | 5 | 4 | 54 | 0 | 5 | 1 | 0 | 0,32,0.61,0.19,7 | 9 | 21 | 28 | 43 | 50,188,20260718,0
how to see the northern lights tonight,0,1900,0 | 10 | 0 | 0 | 0 | 0 | 29 | 0 | 3 | 2 | 0 | 0,39,0,0.02,7 | 9 | 21 | 28 | 50,138,20260718,0
iceland aurora lights forecast,0,1900,29 | 22 | 3 | 20 | 65 | 54 | 100 | 54 | 43 | 54 | 54 | 36,45,0.34,0.07,6 | 9 | 21 | 28,91,20260718,0
iceland weather aurora,2,1900,19 | 15 | 2 | 13 | 43 | 36 | 66 | 36 | 36 | 36 | 36 | 24,43,0.32,0.11,9 | 21 | 28,134,20260718,0
illinois northern lights,0,1900,3 | 19 | 1 | 5 | 13 | 3 | 100 | 4 | 13 | 1 | 3 | 2,15,0,0.33,7 | 9 | 21 | 28 | 50,106,20260718,0
kp index forecast,0,1900,6 | 19 | 3 | 6 | 10 | 8 | 54 | 5 | 19 | 4 | 6 | 3,64,0,0.33,9 | 21 | 28 | 50,98,20260718,0
noaa aurora borealis,0,1900,1 | 3 | 0 | 3 | 3 | 1 | 0 | 0 | 44 | 1 | 2 | 3,39,0,0.33,5 | 9 | 21 | 28,106,20260718,0
northern light tracker,0,1900,4 | 8 | 4 | 3 | 5 | 8 | 66 | 2 | 24 | 4 | 6 | 4,73,0.45,0.01,9 | 20 | 21 | 28,208,20260718,0
northern lights florida,0,1900,0 | 1 | 0 | 0 | 0 | 0 | 54 | 0 | 0 | 0 | 0 | 0,15,0,0.33,9 | 13 | 21 | 28 | 36 | 50,109,20260718,0
northern lights georgia,0,1900,2 | 20 | 0 | 0 | 0 | 0 | 20 | 0 | 7 | 0 | 0 | 0,18,0,0.33,6 | 9 | 13 | 20 | 21 | 28 | 50,49000000,20260718,0
northern lights locati0n,0,1900,29 | 10 | 13 | 10 | 13 | 24 | 36 | 13 | 16 | 16 | 19 | 16,50,1.06,0.04,5 | 7 | 9 | 21 | 28 | 50,138,20260718,0
northern lights north carolina,0,1900,1 | 13 | 0 | 0 | 1 | 1 | 44 | 1 | 13 | 0 | 0 | 0,23,0,0.33,9 | 13 | 21 | 28 | 50,105,20260718,0
northern lights tonight chicago,0,1900,1 | 13 | 0 | 0 | 4 | 0 | 66 | 1 | 5 | 0 | 0 | 1,20,0,0.33,7 | 9 | 21 | 28 | 50,109,20260718,0
northern lights viewing,0,1900,19 | 66 | 10 | 19 | 28 | 19 | 81 | 15 | 28 | 8 | 10 | 10,55,1,0.12,7 | 9 | 21 | 28 | 50,111,20260718,0
northern lights washington,0,1900,2 | 16 | 3 | 2 | 4 | 1 | 10 | 1 | 7 | 0 | 1 | 1,19,0,0.33,7 | 9 | 20 | 21 | 28 | 50,128,20260718,0
solar activity today,0,1900,29 | 35 | 19 | 19 | 16 | 23 | 35 | 23 | 23 | 19 | 19 | 16,74,2.32,0.33,7 | 9 | 20 | 21 | 28 | 50,230,20260718,0
solar storm news,0,1900,16 | 16 | 7 | 7 | 29 | 100 | 19 | 35 | 16 | 12 | 4 | 7,79,0,0.33,9 | 20 | 21 | 28 | 50,391,20260718,0
spacewea,0,1900,0 | 0 | 1 | 100 | 0 | 0 | 0 | 0 | 0 | 0 | 0 | 0,71,0,0.33,9 | 21 | 28,126,20260718,0
spaceweather.com,1,1900,0 | 36 | 0 | 0 | 43 | 54 | 66 | 15 | 0 | 66 | 43 | 36,67,0,0.33,6 | 9 | 21,,20260718,0
sun flare,0,1900,36 | 36 | 36 | 19 | 28 | 28 | 54 | 36 | 28 | 28 | 24 | 36,53,2.38,0.01,5 | 9 | 20 | 21 | 28 | 41 | 50,121,20260718,0
sun flares today,0,1900,3 | 10 | 10 | 7 | 3 | 8 | 8 | 8 | 5 | 7 | 3 | 3,50,1.87,0.33,9 | 21 | 28 | 50,175,20260718,0
tonight's northern lights,0,1900,0 | 1 | 1 | 3 | 100 | 0 | 8 | 0 | 0 | 100 | 0 | 0,23,1.7,0.01,7 | 9 | 21 | 28 | 50,134,20260718,0
what is the northern lights,0,1900,0 | 1 | 0 | 0 | 3 | 13 | 29 | 4 | 5 | 3 | 3 | 3,52,0.14,0.04,6 | 7 | 9 | 20 | 21 | 28 | 36 | 50,153,20260718,0
what time for northern lights tonight,0,1900,2 | 81 | 1 | 3 | 4 | 3 | 100 | 0 | 5 | 0 | 1 | 2,43,0,0.02,9 | 21 | 28,185,20260718,0
what time is best to see aurora borealis tonight,0,1900,0 | 13 | 0 | 0 | 1 | 0 | 100 | 0 | 4 | 0 | 0 | 0,18,0,0.02,6 | 7 | 9 | 21 | 28 | 50,4280000,20260718,0
when are the northern lights visible,0,1900,1 | 19 | 1 | 2 | 4 | 2 | 100 | 1 | 4 | 1 | 1 | 1,24,0.54,0.08,7 | 9 | 21 | 28 | 50,199,20260718,0
when to see northern lights tonight,0,1900,0 | 5 | 0 | 0 | 0 | 0 | 44 | 0 | 0 | 0 | 0 | 0,41,0,0.33,7 | 9 | 21 | 28 | 50,180,20260718,0
where can we see aurora,0,1900,19 | 100 | 0 | 1 | 3 | 19 | 2 | 1 | 0 | 0 | 0 | 0,52,0.26,0.14,9 | 20 | 21 | 28 | 50,135,20260718,0
where can we see northern lights,0,1900,8 | 4 | 1 | 2 | 0 | 100 | 8 | 16 | 1 | 10 | 1 | 1,49,0.37,0.15,7 | 9 | 13 | 21 | 28 | 36 | 50,199,20260718,0
where to see aurora,0,1900,1 | 16 | 0 | 2 | 1 | 2 | 2 | 2 | 100 | 3 | 3 | 5,36,0.26,0.14,6 | 9 | 21 | 28 | 50,135,20260718,0
where to see aurora lights,0,1900,0 | 0 | 2 | 8 | 1 | 0 | 2 | 8 | 100 | 1 | 3 | 2,40,0.26,0.14,6 | 9 | 20 | 21 | 28 | 36 | 43 | 50,187,20260718,0
zodiac signs and northern lights,0,1900,0 | 100 | 0 | 0 | 0 | 0 | 0 | 0 | 0 | 0 | 0 | 0,25,0,0,5 | 9 | 21 | 28 | 50,1170000,20260718,0
alaska borealis,0,1600,10 | 16 | 16 | 3 | 12 | 7 | 3 | 23 | 100 | 4 | 5 | 2,46,1.14,0.14,7 | 9 | 20 | 21 | 28 | 50,125,20260718,0
alaska northern lights forecast,0,1600,29 | 10 | 7 | 16 | 18 | 66 | 53 | 10 | 10 | 13 | 8 | 5,35,1.23,0.01,9 | 21 | 28 | 50,128,20260718,0
are there northern lights tonight,0,1600,1 | 10 | 1 | 2 | 5 | 3 | 81 | 3 | 8 | 2 | 2 | 1,48,0,0.01,9 | 21 | 28,175,20260718,0
aurora borealis colorado tonight,0,1600,0 | 3 | 0 | 0 | 1 | 0 | 100 | 0 | 16 | 0 | 0 | 0,38,0,0.33,7 | 9 | 21 | 28 | 50,135,20260718,0
aurora borealis connecticut tonight,0,1600,1 | 36 | 0 | 0 | 8 | 1 | 100 | 0 | 10 | 0 | 1 | 2,19,0,0.33,6 | 9 | 21 | 28 | 50,127,20260718,0
aurora borealis forecast alaska,0,1600,18 | 24 | 24 | 44 | 24 | 29 | 29 | 44 | 100 | 10 | 16 | 13,31,1.06,0.01,7 | 9 | 21 | 28 | 50,131,20260718,0
northern lights tonight,0,135000,0 | 7 | 0 | 0 | 2 | 0 | 44 | 0 | 4 | 0 | 0 | 4,42,1.7,0.01,7 | 9 | 21 | 28 | 50,130,20260718,0
northern lights forecast tonight,0,14800,6 | 11 | 3 | 4 | 11 | 7 | 45 | 7 | 20 | 16 | 7 | 9,54,0.89,0.01,7 | 9 | 21 | 28 | 50,135,20260718,0
aurora borealis northern lights tonight,0,9900,0 | 0 | 0 | 0 | 0 | 0 | 54 | 0 | 2 | 0 | 0 | 0,46,1.52,0.02,9 | 15 | 21 | 28 | 49 | 50,51,20260718,0
best time to see northern lights tonight,0 | 2,8100,0 | 9 | 0 | 0 | 0 | 0 | 67 | 0 | 0 | 0 | 0 | 0,32,0,0.33,7 | 9 | 21 | 28 | 50,185,20260718,0
what time will the northern lights be visible tonight,0,8100,0 | 9 | 0 | 0 | 1 | 1 | 55 | 1 | 11 | 0 | 0 | 0,45,0.6,0.01,7 | 9 | 21 | 28 | 50,192,20260718,0
can i see the northern lights tonight,0,6600,0 | 6 | 0 | 1 | 2 | 1 | 44 | 0 | 6 | 0 | 0 | 0,41,1.26,0.01,7 | 9 | 21 | 28 | 50,184,20260718,0
northern lights tonight near me,0 | 3,5400,0 | 2 | 0 | 4 | 1 | 0 | 13 | 1 | 4 | 0 | 0 | 0,42,0.99,0.02,7 | 9 | 21 | 28 | 50,192,20260718,0
what time is the northern lights tonight,0,5400,0 | 7 | 0 | 0 | 0 | 0 | 100 | 0 | 0 | 0 | 0 | 0,21,0,0.01,7 | 9 | 21 | 28 | 50,38,20260718,0
are the northern lights visible tonight,0,4400,0 | 5 | 0 | 0 | 5 | 1 | 54 | 1 | 5 | 0 | 0 | 0,29,0,0.33,7 | 9 | 21 | 28 | 50,182,20260718,0
can you see the northern lights tonight,0,4400,0 | 3 | 0 | 0 | 0 | 0 | 36 | 0 | 2 | 0 | 0 | 0,44,0,0.33,7 | 9 | 21 | 28 | 50,186,20260718,0
northern lights tonight map,0,4400,2 | 16 | 0 | 3 | 7 | 3 | 44 | 3 | 8 | 0 | 1 | 2,53,1.51,0.33,5 | 7 | 9 | 21 | 28 | 50,135,20260718,0
what time are the northern lights tonight,0,4400,0 | 7 | 0 | 0 | 0 | 0 | 36 | 0 | 0 | 0 | 0 | 0,47,0,0.01,7 | 9 | 21 | 28 | 50,188,20260718,0
where to see northern lights tonight,0,4400,0 | 13 | 0 | 1 | 1 | 1 | 29 | 1 | 8 | 0 | 0 | 0,58,0.71,0.02,7 | 9 | 21 | 28 | 50,182,20260718,0
northern lights colorado tonight,0,3600,0 | 2 | 0 | 0 | 0 | 0 | 100 | 0 | 3 | 0 | 0 | 0,27,0,0.33,7 | 9 | 21 | 28 | 50,133,20260718,0
northern lights michigan tonight,0,2900,3 | 29 | 2 | 3 | 16 | 5 | 24 | 3 | 4 | 0 | 2 | 1,28,0,0.33,7 | 9 | 21 | 28 | 50,135,20260718,0
northern lights tonight massachusetts,0,2900,0 | 16 | 0 | 0 | 1 | 0 | 44 | 0 | 3 | 0 | 0 | 0,22,0,0.33,7 | 9 | 21 | 28 | 50,108,20260718,0
northern lights visible tonight,0,2900,2 | 16 | 1 | 2 | 7 | 2 | 100 | 2 | 5 | 0 | 1 | 2,30,0,0.33,7 | 9 | 21 | 28 | 50,136,20260718,0
what time can you see the northern lights tonight,0,2900,0 | 10 | 0 | 0 | 1 | 0 | 54 | 0 | 2 | 0 | 0 | 0,28,0,0.01,6 | 7 | 9 | 21 | 28 | 50,190,20260718,0
what time to see northern lights tonight,0,2900,0 | 8 | 0 | 0 | 1 | 0 | 54 | 0 | 2 | 0 | 0 | 0,35,0,0.33,6 | 7 | 9 | 21 | 28 | 50,183,20260718,0
when can i see the northern lights tonight,0,2900,0 | 8 | 0 | 0 | 0 | 0 | 100 | 0 | 1 | 0 | 0 | 0,45,0,0.01,7 | 9 | 21 | 28 | 50,189,20260718,0
where to see the northern lights tonight,0,2900,2 | 24 | 0 | 2 | 10 | 1 | 100 | 0 | 10 | 0 | 1 | 1,26,0.71,0.02,7 | 9 | 21 | 28 | 50,177,20260718,0
will the northern lights be visible tonight,0,2900,0 | 5 | 0 | 0 | 3 | 1 | 44 | 0 | 3 | 0 | 0 | 0,56,0,0.01,7 | 9 | 21 | 28 | 50,185,20260718,0
northern lights map tonight,0,2400,1 | 24 | 2 | 10 | 4 | 3 | 54 | 2 | 36 | 0 | 3 | 7,53,1.51,0.33,5 | 7 | 9 | 21 | 28 | 50,136,20260718,0
northern lights tonight dallas,0,2400,0 | 4 | 0 | 0 | 0 | 0 | 100 | 0 | 1 | 0 | 0 | 0,23,0,0.01,5 | 6 | 7 | 9 | 13 | 20 | 21 | 28 | 50,107,20260718,0
northern lights tonight new jersey,0,2400,0 | 7 | 0 | 0 | 1 | 0 | 44 | 0 | 1 | 0 | 0 | 0,17,0,0.33,9 | 21 | 28 | 50,107,20260718,0
what time can i see the northern lights tonight,0,2400,0 | 8 | 0 | 0 | 2 | 0 | 54 | 0 | 7 | 0 | 0 | 0,24,0,0.01,7 | 9 | 21 | 28 | 50,183,20260718,0
where can i see the northern lights tonight,0,2400,0 | 4 | 0 | 0 | 0 | 1 | 36 | 0 | 7 | 0 | 0 | 0,43,0.71,0.02,7 | 9 | 15 | 21 | 28 | 50,184,20260718,0
can i see northern lights tonight,0,1900,0 | 10 | 0 | 0 | 4 | 2 | 81 | 0 | 4 | 2 | 0 | 0,57,1.26,0.01,7 | 9 | 21 | 28 | 50,179,20260718,0
can we see the northern lights tonight,0,1900,0 | 4 | 0 | 0 | 2 | 0 | 24 | 0 | 3 | 0 | 0 | 0,44,0,0.01,9 | 21 | 28,179,20260718,0
how to see the northern lights tonight,0,1900,0 | 10 | 0 | 0 | 0 | 0 | 29 | 0 | 3 | 2 | 0 | 0,39,0,0.02,7 | 9 | 21 | 28 | 50,138,20260718,0
northern lights tonight chicago,0,1900,1 | 13 | 0 | 0 | 4 | 0 | 66 | 1 | 5 | 0 | 0 | 1,20,0,0.33,7 | 9 | 21 | 28 | 50,109,20260718,0
what time for northern lights tonight,0,1900,2 | 81 | 1 | 3 | 4 | 3 | 100 | 0 | 5 | 0 | 1 | 2,43,0,0.02,9 | 21 | 28,185,20260718,0
when to see northern lights tonight,0,1900,0 | 5 | 0 | 0 | 0 | 0 | 44 | 0 | 0 | 0 | 0 | 0,41,0,0.33,7 | 9 | 21 | 28 | 50,180,20260718,0
are there northern lights tonight,0,1600,1 | 10 | 1 | 2 | 5 | 3 | 81 | 3 | 8 | 2 | 2 | 1,48,0,0.01,9 | 21 | 28,175,20260718,0
northern lights chicago tonight,0,1600,1 | 16 | 0 | 0 | 5 | 0 | 100 | 2 | 8 | 0 | 0 | 1,20,0,0.33,7 | 9 | 21 | 28 | 50,106,20260718,0
northern lights tonight ohio,0,1600,1 | 10 | 0 | 0 | 3 | 1 | 36 | 3 | 7 | 0 | 0 | 1,19,0,0.33,7 | 9 | 21 | 28 | 50,106,20260718,0
northern lights tonight time,0,1600,1 | 15 | 0 | 1 | 7 | 1 | 100 | 1 | 19 | 0 | 0 | 1,31,0,0.01,7 | 9 | 21 | 28 | 50,138,20260718,0
northern lights wisconsin tonight,0,1600,3 | 10 | 2 | 3 | 13 | 7 | 44 | 3 | 7 | 1 | 2 | 2,30,0,0.01,9 | 21 | 28 | 50,134,20260718,0
seattle northern lights tonight,0,1600,5 | 54 | 3 | 5 | 19 | 3 | 100 | 3 | 66 | 2 | 4 | 5,13,0,0.33,7 | 9 | 21 | 28 | 50,132,20260718,0
what time northern lights tonight,0,1600,0 | 10 | 0 | 0 | 0 | 0 | 54 | 0 | 0 | 0 | 0 | 0,58,0,0.01,7 | 9 | 21 | 28 | 50,183,20260718,0
what time to see the northern lights tonight,0,1600,0 | 7 | 0 | 0 | 2 | 0 | 44 | 0 | 1 | 0 | 0 | 0,24,0,0.33,7 | 9 | 21 | 28,189,20260718,0
when will the northern lights be visible tonight,0,1600,0 | 19 | 0 | 0 | 0 | 0 | 100 | 0 | 3 | 0 | 0 | 0,44,0,0.33,7 | 9 | 21 | 28 | 50,189,20260718,0
will i be able to see the northern lights tonight,0,1600,0 | 5 | 0 | 0 | 2 | 0 | 36 | 0 | 4 | 0 | 0 | 0,52,0,0.01,7 | 9 | 21 | 28,188,20260718,0
are northern lights visible tonight,0,1300,0 | 5 | 0 | 0 | 3 | 1 | 44 | 3 | 4 | 1 | 0 | 2,48,0,0.01,9 | 21 | 28,172,20260718,0
are the northern lights out tonight,0,1300,0 | 1 | 0 | 0 | 1 | 1 | 100 | 4 | 1 | 0 | 0 | 0,25,0,0.01,7 | 9 | 21 | 28 | 50,185,20260718,0
can you see northern lights tonight,0,1300,0 | 19 | 0 | 0 | 4 | 2 | 54 | 1 | 8 | 0 | 0 | 0,43,0,0.33,7 | 9 | 21 | 28 | 50,177,20260718,0
is there northern lights tonight,0,1300,0 | 8 | 1 | 3 | 8 | 4 | 81 | 3 | 7 | 3 | 3 | 3,33,0.96,0.01,9 | 14 | 15 | 21 | 28,178,20260718,0
northern lights in michigan tonight,0,1300,3 | 10 | 2 | 3 | 16 | 4 | 19 | 3 | 5 | 1 | 3 | 2,37,0,0,9 | 21 | 28 | 50,144,20260718,0
northern lights map for tonight,0,1300,10 | 4 | 0 | 0 | 13 | 19 | 100 | 5 | 1 | 0 | 0 | 0,63,1.9,0.01,5 | 7 | 9 | 13 | 21 | 28,172,20260718,0
northern lights ohio tonight,0,1300,0 | 8 | 0 | 0 | 3 | 1 | 29 | 2 | 4 | 0 | 0 | 1,25,0,0.33,7 | 9 | 21 | 28 | 50,105,20260718,0
northern lights tonight connecticut,0,1300,0 | 13 | 0 | 0 | 3 | 0 | 24 | 0 | 4 | 0 | 0 | 0,22,0,0.33,7 | 9 | 21 | 28 | 50,100,20260718,0
northern lights tonight minneapolis,0,1300,0 | 5 | 0 | 0 | 1 | 0 | 100 | 0 | 2 | 0 | 0 | 0,16,0,0.33,9 | 21 | 28 | 50,109,20260718,0
northern lights tonight nyc,0,1300,0 | 2 | 0 | 0 | 0 | 0 | 16 | 0 | 1 | 0 | 0 | 0,27,0,0.33,7 | 9 | 21 | 28 | 50,108,20260718,0
northern lights tonight omaha,0,1300,0 | 4 | 0 | 0 | 0 | 0 | 100 | 0 | 2 | 0 | 0 | 0,24,0,0.33,6 | 9 | 21 | 28 | 50,88,20260718,0
northern lights tonight wisconsin,0,1300,5 | 43 | 4 | 8 | 36 | 19 | 100 | 8 | 15 | 3 | 7 | 4,20,0,0.01,4 | 6 | 9 | 21 | 28 | 50,108,20260718,0
what time is best to see the northern lights tonight,0,1300,0 | 7 | 0 | 0 | 0 | 0 | 100 | 0 | 4 | 0 | 0 | 0,47,0,0.02,7 | 9 | 21 | 28 | 50,191,20260718,0
when to see the northern lights tonight,0,1300,0 | 19 | 0 | 0 | 0 | 0 | 100 | 0 | 1 | 0 | 0 | 0,47,0,0.01,9 | 21 | 28 | 50,178,20260718,0
where can you see the northern lights tonight,0,1300,0 | 10 | 0 | 4 | 1 | 1 | 44 | 0 | 4 | 0 | 0 | 0,42,0.66,0.02,7 | 9 | 21 | 50,177,20260718,0
will northern lights be visible tonight,0,1300,0 | 15 | 0 | 0 | 8 | 2 | 100 | 1 | 8 | 1 | 0 | 0,35,0,0,9 | 21 | 28 | 50,181,20260718,0
will there be northern lights tonight,0,1300,0 | 2 | 0 | 0 | 2 | 0 | 24 | 0 | 2 | 0 | 0 | 0,35,0,0,9 | 21 | 28 | 50,179,20260718,0
will we see the northern lights tonight,0,1300,0 | 13 | 1 | 3 | 3 | 3 | 100 | 2 | 19 | 1 | 2 | 1,26,0,0.01,7 | 9 | 21 | 28,186,20260718,0
can the northern lights be seen tonight,0,1000,0 | 23 | 1 | 2 | 10 | 4 | 44 | 2 | 44 | 0 | 1 | 1,48,0.97,0.01,7 | 9 | 21 | 28 | 50,178,20260718,0
is the northern lights visible tonight,0,1000,0 | 3 | 0 | 1 | 5 | 3 | 100 | 2 | 2 | 1 | 1 | 0,39,0,0.33,7 | 9 | 21 | 28 | 50,180,20260718,0
michigan northern lights tonight,0,1000,3 | 66 | 3 | 10 | 16 | 2 | 29 | 3 | 16 | 3 | 8 | 7,33,0,0.33,4 | 9 | 21 | 50,107,20260718,0
northern lights in iowa tonight,0,1000,1 | 8 | 0 | 2 | 5 | 1 | 100 | 2 | 7 | 0 | 3 | 2,32,0,0.33,7 | 9 | 21 | 28 | 50,158,20260718,0
northern lights in seattle tonight,0,1000,7 | 43 | 3 | 7 | 16 | 4 | 100 | 3 | 54 | 2 | 7 | 7,15,0,0.33,6 | 7 | 9 | 21 | 28,135,20260718,0
northern lights seattle tonight,0,1000,0 | 8 | 0 | 0 | 1 | 0 | 13 | 0 | 10 | 0 | 0 | 0,25,0,0.33,7 | 9 | 21 | 28 | 50,134,20260718,0
northern lights tonight atlanta,0,1000,0 | 0 | 0 | 0 | 0 | 0 | 29 | 0 | 0 | 0 | 0 | 0,21,0,0.33,9 | 21 | 28 | 50,117,20260718,0
northern lights tonight in michigan,0,1000,3 | 16 | 2 | 2 | 10 | 2 | 16 | 3 | 7 | 1 | 3 | 3,25,0,0.33,9 | 21 | 28 | 50,164,20260718,0
northern lights tonight seattle,0,1000,1 | 5 | 1 | 0 | 2 | 0 | 36 | 1 | 19 | 0 | 0 | 1,22,0,0.33,7 | 9 | 21 | 28 | 50,135,20260718,0
northern lights viewing tonight,0,1000,1 | 24 | 1 | 3 | 10 | 5 | 81 | 2 | 36 | 1 | 3 | 2,46,0,0.01,7 | 9 | 21 | 28 | 50,137,20260718,0
see northern lights tonight,0,1000,0 | 5 | 0 | 1 | 2 | 1 | 24 | 0 | 5 | 0 | 0 | 0,44,0.48,0.01,9 | 21 | 28 | 50,131,20260718,0
what time are northern lights tonight,0,1000,0 | 54 | 0 | 0 | 12 | 1 | 81 | 0 | 4 | 0 | 0 | 0,48,0,0.01,7 | 9 | 21 | 28 | 50,188,20260718,0
aurora northern lights tonight,0,880,1 | 24 | 0 | 1 | 10 | 3 | 100 | 0 | 4 | 0 | 0 | 10,36,1.52,0.02,7 | 9 | 21 | 28,74,20260718,0
best time to see the northern lights tonight,0 | 2,880,1 | 13 | 0 | 0 | 0 | 0 | 66 | 0 | 2 | 0 | 0 | 0,37,0,0.01,9 | 21 | 28 | 50,182,20260718,0
can i see the northern lights from my locati0n tonight,0,880,0 | 0 | 0 | 0 | 0 | 0 | 100 | 0 | 0 | 0 | 0 | 0,43,0,0.02,7 | 9 | 21 | 28 | 50,189,20260718,0
can we see northern lights tonight,0,880,0 | 13 | 0 | 0 | 4 | 1 | 66 | 0 | 7 | 0 | 0 | 0,53,0,0.01,7 | 9 | 21 | 28 | 50,176,20260718,0
noaa predicts stunning northern lights visible across northern us tonight,0,880,0 | 0 | 0 | 0 | 0 | 0 | 0 | 100 | 0 | 0 | 0 | 0,22,0,0.33,7 | 9 | 21 | 28 | 50,200,20260718,0
northern lights in ohio tonight,0,880,1 | 12 | 0 | 1 | 6 | 2 | 29 | 3 | 10 | 0 | 1 | 2,26,0,0,9 | 21 | 28,143,20260718,0
northern lights maine tonight,0,880,3 | 19 | 2 | 5 | 13 | 5 | 19 | 4 | 13 | 2 | 2 | 3,31,0,0.33,4 | 9 | 21 | 28,120,20260718,0
northern lights tonight austin,0,880,0 | 3 | 0 | 0 | 0 | 0 | 66 | 0 | 0 | 0 | 0 | 0,27,0,0.33,6 | 7 | 9 | 21 | 28 | 50,116,20260718,0
northern lights tonight houston,0,880,0 | 3 | 0 | 0 | 0 | 0 | 54 | 0 | 1 | 0 | 0 | 0,26,0,0.33,6 | 9 | 21 | 50,106,20260718,0
northern lights tonight in wisconsin,0,880,8 | 36 | 5 | 8 | 16 | 22 | 65 | 5 | 29 | 5 | 10 | 8,17,0,0.33,7 | 9 | 21 | 28 | 50,149,20260718,0
northern lights tonight nashville,0,880,0 | 4 | 0 | 0 | 0 | 0 | 36 | 0 | 2 | 0 | 0 | 0,25,0,0,6 | 9 | 21 | 28,104,20260718,0
northern lights tonight philadelphia,0,880,0 | 7 | 0 | 0 | 1 | 0 | 36 | 0 | 2 | 0 | 0 | 0,23,0,0.33,7 | 9 | 21 | 28 | 50,105,20260718,0
northern lights tonight phoenix,0,880,0 | 3 | 0 | 0 | 0 | 0 | 100 | 0 | 4 | 0 | 0 | 0,25,0,0.33,6 | 9 | 21 | 28 | 50,125,20260718,0
northern lights tonight pittsburgh,0,880,0 | 13 | 0 | 0 | 1 | 0 | 16 | 0 | 1 | 0 | 0 | 0,26,0,0,6 | 9 | 21 | 28 | 50,1330000,20260718,0
northern lights tonight what time,0,880,3 | 81 | 2 | 3 | 4 | 7 | 81 | 0 | 5 | 0 | 0 | 0,53,0,0.01,7 | 9 | 21 | 28 | 50,184,20260718,0
see the northern lights tonight,0,880,2 | 23 | 2 | 4 | 7 | 2 | 66 | 1 | 12 | 1 | 0 | 2,57,0.42,0.02,7 | 9 | 21 | 28 | 50,179,20260718,0
what time is northern lights tonight,0,880,0 | 4 | 0 | 0 | 0 | 1 | 29 | 0 | 5 | 0 | 0 | 0,25,0,0.01,7 | 9 | 21 | 28 | 50,188,20260718,0
when can you see the northern lights tonight,0,880,0 | 13 | 0 | 0 | 0 | 0 | 66 | 0 | 2 | 0 | 0 | 0,29,0,0,9 | 28 | 50,,20260718,0
when is the northern lights tonight,0,880,0 | 12 | 0 | 0 | 1 | 0 | 100 | 0 | 1 | 0 | 0 | 0,48,0,0.02,7 | 9 | 21 | 28 | 50,181,20260718,0
how to see northern lights tonight,0,720,0 | 8 | 0 | 0 | 0 | 0 | 10 | 0 | 2 | 1 | 0 | 0,43,0,0.05,7 | 9 | 21 | 28 | 50,181,20260718,0
northern lights could be visible tonight from parts of massachusetts,0,720,0 | 0 | 0 | 0 | 0 | 0 | 0 | 0 | 0 | 0 | 0 | 0,24,0,0,9 | 13 | 21 | 28,142,20260718,0
northern lights illinois tonight,0,720,1 | 16 | 0 | 3 | 8 | 3 | 100 | 3 | 8 | 1 | 3 | 3,23,0,0.33,7 | 9 | 21 | 28 | 50,107,20260718,0
northern lights in colorado tonight,0,720,1 | 16 | 0 | 1 | 5 | 2 | 81 | 2 | 23 | 1 | 2 | 1,40,0,0,6 | 9 | 21 | 28 | 50,132,20260718,0
northern lights in ct tonight,0,720,1 | 18 | 0 | 2 | 8 | 3 | 100 | 3 | 18 | 1 | 2 | 3,21,0,0.33,6 | 7 | 9 | 13 | 21 | 28 | 50,143,20260718,0
northern lights in maine tonight,0,720,3 | 19 | 3 | 13 | 19 | 10 | 28 | 7 | 19 | 3 | 3 | 4,18,0,0.33,7 | 9 | 20 | 21 | 28 | 50,132,20260718,0
northern lights in massachusetts tonight,0,720,3 | 82 | 4 | 4 | 4 | 13 | 100 | 8 | 44 | 3 | 5 | 5,23,0,0.33,7 | 9 | 21 | 28 | 50,142,20260718,0
northern lights in utah tonight,0,720,2 | 13 | 0 | 1 | 3 | 1 | 100 | 2 | 24 | 1 | 2 | 2,18,0,0.33,7 | 9 | 21 | 28 | 50,57,20260718,0
northern lights indiana tonight,0,720,0 | 10 | 0 | 0 | 3 | 0 | 29 | 1 | 5 | 0 | 0 | 0,18,0,0.33,7 | 9 | 21 | 28 | 50,137,20260718,0
northern lights massachusetts tonight,0,720,3 | 8 | 1 | 3 | 12 | 4 | 54 | 3 | 19 | 2 | 4 | 4,36,0,0,9 | 21 | 28 | 50,107,20260718,0
northern lights mn tonight,0,720,8 | 22 | 5 | 10 | 16 | 13 | 54 | 5 | 29 | 5 | 13 | 7,23,0,0.33,7 | 9 | 21 | 28 | 50,131,20260718,0
northern lights nh tonight,0,720,3 | 82 | 4 | 11 | 16 | 11 | 100 | 7 | 30 | 3 | 5 | 7,18,0,0.33,7 | 9 | 21 | 28 | 50,109,20260718,0
northern lights tonight boston,0,720,0 | 5 | 0 | 0 | 1 | 0 | 44 | 1 | 8 | 0 | 1 | 0,30,0,0,9 | 21 | 28 | 50,105,20260718,0
northern lights tonight iowa,0,720,0 | 5 | 0 | 2 | 5 | 2 | 81 | 2 | 3 | 0 | 2 | 1,30,0,0,9 | 21 | 28 | 50,109,20260718,0
northern lights tonight las vegas,0,720,0 | 2 | 0 | 0 | 0 | 0 | 44 | 0 | 1 | 0 | 0 | 0,13,0,0.33,6 | 9 | 21 | 50,98,20260718,0
northern lights tonight los angeles,0,720,0 | 10 | 0 | 0 | 1 | 0 | 66 | 0 | 4 | 0 | 0 | 0,43,0,0,9 | 21,130,20260718,0
northern lights tonight maine,0,720,3 | 36 | 4 | 13 | 20 | 16 | 29 | 7 | 29 | 5 | 5 | 7,20,0,0.33,9 | 20 | 21 | 50,119,20260718,0
northern lights tonight michigan,0,720,3 | 6 | 4 | 6 | 16 | 2 | 10 | 3 | 3 | 0 | 2 | 2,27,0,0.33,7 | 9 | 21 | 28 | 50,129,20260718,0
northern lights tonight new hampshire,0,720,0 | 12 | 0 | 0 | 3 | 0 | 29 | 1 | 3 | 0 | 1 | 1,27,0,0,9 | 21 | 28 | 50,106,20260718,0
viewing northern lights tonight,0,720,2 | 16 | 3 | 5 | 13 | 3 | 81 | 1 | 10 | 1 | 1 | 3,21,0,0.01,7 | 9 | 21 | 28,60,20260718,0
what time can we see northern lights tonight,0,720,0 | 19 | 0 | 0 | 5 | 1 | 100 | 1 | 10 | 0 | 0 | 0,32,0,0.33,7 | 9 | 21 | 28 | 50,181,20260718,0
what time can we see the northern lights tonight,0,720,0 | 10 | 0 | 0 | 0 | 0 | 44 | 0 | 2 | 0 | 0 | 0,30,0,0.01,9 | 21 | 28,189,20260718,0
when are the northern lights visible tonight,0,720,0 | 2 | 0 | 0 | 1 | 0 | 100 | 0 | 1 | 0 | 0 | 0,32,0,0,9 | 21 | 28 | 50,185,20260718,0
where can i see northern lights tonight,0,720,10 | 5 | 2 | 0 | 44 | 0 | 100 | 0 | 13 | 0 | 0 | 0,49,0.66,0.02,7 | 9 | 21 | 28 | 50,178,20260718,0
best time for northern lights tonight,0 | 2,590,0 | 10 | 0 | 0 | 2 | 0 | 81 | 0 | 3 | 0 | 0 | 0,38,0,0.33,6 | 9 | 21 | 28 | 50,178,20260718,0
best time to view northern lights tonight,0 | 2,590,1 | 15 | 0 | 1 | 1 | 1 | 100 | 0 | 1 | 0 | 0 | 0,38,0,0.01,9 | 21 | 28 | 50,177,20260718,0
boston northern lights tonight,0,590,1 | 36 | 1 | 1 | 5 | 2 | 100 | 4 | 24 | 1 | 4 | 3,14,0,0.33,6 | 7 | 9 | 21 | 28,109,20260718,0
northern lights in chicago tonight,0,590,3 | 13 | 1 | 2 | 10 | 2 | 66 | 3 | 24 | 1 | 2 | 4,32,0,0.33,4 | 7 | 9 | 21 | 28 | 50,140,20260718,0
northern lights in illinois tonight,0,590,2 | 13 | 1 | 3 | 8 | 4 | 100 | 3 | 10 | 1 | 3 | 4,40,0,0,9 | 21 | 28 | 50,143,20260718,0
northern lights in minnesota tonight,0,590,11 | 30 | 7 | 13 | 7 | 5 | 55 | 7 | 44 | 8 | 20 | 11,27,0,0.33,7 | 9 | 21 | 28 | 50,137,20260718,0
northern lights time tonight,0,590,0 | 10 | 0 | 0 | 1 | 0 | 44 | 1 | 15 | 0 | 0 | 0,50,0,0,9 | 21 | 28,134,20260718,0
northern lights tonight albuquerque,0,590,0 | 2 | 0 | 0 | 0 | 0 | 100 | 0 | 5 | 0 | 0 | 0,20,0,0.01,6 | 9 | 21 | 28,108,20260718,0
northern lights tonight colorado,0,590,1 | 15 | 0 | 2 | 2 | 2 | 36 | 2 | 28 | 2 | 3 | 2,33,0,0.33,7 | 9 | 21 | 28 | 50,111,20260718,0
northern lights tonight in ohio,0,590,4 | 16 | 2 | 2 | 13 | 7 | 29 | 8 | 24 | 2 | 3 | 5,15,0,0.33,7 | 9 | 21 | 28 | 50,139,20260718,0
northern lights tonight louisville ky,0,590,0 | 54 | 0 | 0 | 0 | 0 | 23 | 0 | 3 | 0 | 0 | 0,10,0,0.33,7 | 9 | 21 | 28 | 50,108,20260718,0
northern lights tonight milwaukee,0,590,0 | 24 | 0 | 0 | 2 | 0 | 81 | 1 | 4 | 0 | 0 | 0,13,0,0.33,6 | 7 | 9 | 21 | 28 | 50,127,20260718,0
northern lights tonight minnesota,0,590,11 | 30 | 7 | 13 | 5 | 5 | 65 | 13 | 44 | 8 | 20 | 11,25,0,0.33,7 | 9 | 21 | 28 | 50,120,20260718,0
northern lights tonight orlando,0,590,0 | 2 | 0 | 0 | 0 | 0 | 100 | 0 | 1 | 0 | 0 | 0,23,0,0.33,7 | 9 | 21 | 28 | 50,109,20260718,0
northern lights tonight tampa,0,590,0 | 2 | 0 | 0 | 0 | 0 | 100 | 0 | 1 | 0 | 0 | 0,20,0,0.33,6 | 7 | 9 | 28 | 50,107,20260718,0
northern lights utah tonight,0,590,1 | 7 | 0 | 1 | 2 | 0 | 44 | 1 | 13 | 0 | 1 | 1,35,0,0,9 | 21 | 28 | 50,109,20260718,0
the northern lights tonight,0,590,0 | 7 | 0 | 0 | 1 | 0 | 29 | 0 | 1 | 0 | 0 | 0,50,0,0.03,9 | 21 | 28 | 50,129,20260718,0
time of the northern lights tonight,0,590,3 | 44 | 1 | 5 | 16 | 3 | 80 | 3 | 44 | 1 | 1 | 3,29,0,0.01,7 | 9 | 21 | 28 | 50,179,20260718,0
when are the northern lights tonight,0,590,0 | 3 | 0 | 0 | 1 | 0 | 10 | 0 | 1 | 0 | 0 | 0,52,0,0,9 | 21 | 28 | 50,187,20260718,0
where are northern lights visible tonight,0,590,0 | 4 | 0 | 2 | 5 | 1 | 100 | 3 | 18 | 1 | 3 | 1,34,0,0.02,9 | 21 | 28,179,20260718,0
where are the northern lights visible tonight,0,590,2 | 20 | 1 | 3 | 13 | 4 | 100 | 2 | 13 | 1 | 3 | 2,29,0,0.33,7 | 9 | 21 | 28 | 50,178,20260718,0
will you be able to see the northern lights tonight,0,590,0 | 0 | 0 | 0 | 0 | 0 | 19 | 0 | 0 | 0 | 0 | 0,32,0,0.33,7 | 9 | 21 | 28 | 50,181,20260718,0
wisconsin northern lights tonight,0,590,37 | 31 | 25 | 11 | 37 | 37 | 100 | 25 | 25 | 5 | 20 | 11,32,0,0.01,9 | 21 | 28 | 50,134,20260718,0
can you see the northern lights in ohio tonight,0,480,0 | 7 | 0 | 0 | 3 | 1 | 44 | 2 | 3 | 0 | 0 | 0,16,0,0.33,7 | 9 | 21 | 28 | 50,139,20260718,0
how long will the northern lights be visible tonight,0,480,0 | 0 | 0 | 0 | 0 | 0 | 100 | 0 | 0 | 0 | 0 | 0,27,0,0.33,7 | 9 | 21 | 28,179,20260718,0
is the northern lights tonight,0,480,0 | 3 | 0 | 0 | 1 | 0 | 36 | 0 | 1 | 0 | 0 | 0,40,0,0.02,7 | 9 | 15 | 21 | 28 | 50,187,20260718,0
maine northern lights tonight,0,480,16 | 68 | 7 | 25 | 25 | 25 | 68 | 11 | 37 | 5 | 11 | 8,22,0,0.33,9 | 21 | 28 | 50,104,20260718,0
northern lights boston tonight,0,480,2 | 13 | 1 | 1 | 5 | 1 | 100 | 5 | 27 | 2 | 7 | 3,14,0,0.33,7 | 9 | 21 | 28 | 50,109,20260718,0
northern lights in florida tonight,0,480,0 | 1 | 0 | 0 | 0 | 0 | 36 | 0 | 1 | 0 | 0 | 0,21,0,0.33,9 | 21 | 28 | 50,143,20260718,0
northern lights in mn tonight,0,480,11 | 24 | 7 | 13 | 7 | 7 | 30 | 8 | 44 | 8 | 20 | 11,28,0,0.33,9 | 21 | 28,133,20260718,0
northern lights in texas tonight,0,480,0 | 5 | 0 | 0 | 0 | 0 | 54 | 0 | 4 | 0 | 0 | 0,20,0,0.33,7 | 9 | 21 | 28 | 50,137,20260718,0
northern lights missouri tonight,0,480,1 | 3 | 0 | 0 | 0 | 0 | 44 | 0 | 3 | 0 | 0 | 0,27,0,0,9 | 21 | 28 | 50,101,20260718,0
northern lights oregon tonight,0,480,1 | 16 | 1 | 1 | 3 | 0 | 8 | 0 | 16 | 0 | 2 | 1,12,0,0.33,7 | 9 | 21 | 28 | 50,108,20260718,0
northern lights tonight birmingham al,0,480,0 | 0 | 0 | 0 | 0 | 0 | 100 | 0 | 0 | 0 | 0 | 0,24,0,0.33,6 | 9 | 21 | 28 | 50,142,20260718,0
northern lights tonight charlotte nc,0,480,0 | 3 | 0 | 0 | 0 | 0 | 29 | 0 | 0 | 0 | 0 | 0,10,0,0.33,6 | 7 | 9 | 13 | 21 | 28 | 50,143,20260718,0
northern lights tonight cincinnati,0,480,0 | 7 | 0 | 0 | 0 | 0 | 44 | 0 | 2 | 0 | 0 | 0,13,0,0.33,7 | 21 | 28 | 50,49,20260718,0
northern lights tonight delaware,0,480,0 | 8 | 0 | 0 | 1 | 0 | 36 | 0 | 3 | 0 | 0 | 0,34,0,0.01,6 | 9 | 21 | 28 | 50,84,20260718,0
northern lights tonight des moines,0,480,0 | 8 | 0 | 0 | 2 | 0 | 100 | 0 | 3 | 0 | 0 | 0,21,0,0.33,7 | 9 | 21 | 28 | 50,108,20260718,0
northern lights tonight illinois,0,480,1 | 8 | 0 | 3 | 7 | 2 | 54 | 3 | 7 | 1 | 2 | 3,25,0,0.33,7 | 9 | 21 | 28 | 50,108,20260718,0
northern lights tonight in maine,0,480,3 | 36 | 13 | 16 | 55 | 30 | 45 | 16 | 81 | 13 | 16 | 16,21,0,0.33,7 | 9 | 21 | 28 | 50,145,20260718,0
northern lights tonight in minnesota,0,480,8 | 13 | 7 | 13 | 1 | 2 | 65 | 5 | 44 | 7 | 16 | 8,15,0,0.33,7 | 9 | 21 | 28 | 50,141,20260718,0
northern lights tonight indiana,0,480,0 | 16 | 0 | 0 | 1 | 1 | 36 | 0 | 3 | 0 | 1 | 0,11,0,0.33,9 | 21 | 28 | 50,104,20260718,0
northern lights tonight kansas city,0,480,0 | 29 | 0 | 0 | 1 | 0 | 66 | 0 | 4 | 0 | 0 | 0,23,0,0.33,9 | 21 | 28 | 50,108,20260718,0
northern lights tonight lincoln ne,0,480,0 | 7 | 0 | 0 | 0 | 0 | 81 | 0 | 3 | 0 | 0 | 0,17,0,0.33,6 | 7 | 9 | 21 | 28,50,20260718,0
northern lights tonight long island,0,480,0 | 10 | 0 | 0 | 0 | 0 | 36 | 0 | 3 | 0 | 0 | 0,30,0,0.33,6 | 9 | 21 | 28 | 50,93,20260718,0
northern lights tonight okc,0,480,0 | 8 | 0 | 0 | 0 | 0 | 100 | 0 | 3 | 0 | 0 | 0,16,0,0.33,7 | 9 | 21 | 28 | 50,118,20260718,0
northern lights tonight pennsylvania,0,480,0 | 6 | 0 | 0 | 3 | 1 | 16 | 1 | 5 | 0 | 0 | 0,25,0,0.33,7 | 9 | 21 | 28 | 50,106,20260718,0
northern lights tonight rhode island,0,480,0 | 16 | 0 | 0 | 2 | 0 | 29 | 0 | 3 | 0 | 0 | 0,24,0,0.33,6 | 9 | 21 | 28 | 50,93,20260718,0
northern lights tonight sacramento,0,480,0 | 12 | 0 | 0 | 0 | 0 | 54 | 0 | 1 | 0 | 0 | 0,30,0,0.33,6 | 7 | 9 | 21 | 28 | 50,131,20260718,0
northern lights tonight san antonio,0,480,0 | 7 | 0 | 0 | 0 | 0 | 100 | 0 | 2 | 0 | 0 | 0,27,0,0.33,9 | 21 | 28 | 50,129,20260718,0
northern lights tonight san diego,0,480,0 | 5 | 0 | 0 | 0 | 0 | 54 | 0 | 3 | 0 | 0 | 0,20,0,0,6 | 9 | 21 | 28 | 50,124,20260718,0
northern lights tonight san francisco,0,480,0 | 29 | 0 | 0 | 1 | 0 | 100 | 0 | 7 | 0 | 0 | 0,23,0,0.01,6 | 7 | 9 | 21 | 28 | 50,134,20260718,0
northern lights tonight utah,0,480,1 | 16 | 0 | 0 | 0 | 0 | 29 | 1 | 13 | 0 | 1 | 0,19,0,0,9 | 21 | 28 | 50,107,20260718,0
northern lights visibility tonight,0,480,2 | 24 | 2 | 2 | 10 | 8 | 79 | 0 | 100 | 0 | 0 | 13,41,0,0.33,7 | 9 | 21 | 28 | 50,137,20260718,0
view northern lights tonight,0,480,8 | 41 | 4 | 16 | 20 | 8 | 100 | 2 | 41 | 4 | 4 | 8,19,0,0.01,7 | 9 | 21 | 28 | 50,136,20260718,0
what states can see the northern lights tonight,0,480,3 | 34 | 3 | 8 | 24 | 8 | 100 | 8 | 11 | 3 | 8 | 8,30,0,0.33,7 | 9 | 21 | 28 | 50,172,20260718,0
what's the best time to see the northern lights tonight,0 | 2,480,0 | 10 | 0 | 0 | 3 | 0 | 100 | 0 | 4 | 0 | 0 | 0,42,0,0.02,9 | 21 | 28,121,20260718,0
when can we see the northern lights tonight,0,480,0 | 10 | 0 | 0 | 2 | 0 | 100 | 0 | 2 | 0 | 0 | 0,23,0,0.33,7 | 9 | 21 | 28 | 50,186,20260718,0
when to look for northern lights tonight,0,480,0 | 4 | 0 | 0 | 0 | 0 | 100 | 0 | 3 | 0 | 0 | 0,30,0,0.33,7 | 9 | 21 | 28 | 50,174,20260718,0
where will the northern lights be visible tonight,0,480,1 | 13 | 1 | 3 | 7 | 1 | 43 | 2 | 10 | 1 | 1 | 1,30,0,0.02,7 | 9 | 21 | 28 | 50,172,20260718,0
will i see the northern lights tonight,0,480,1 | 3 | 0 | 0 | 1 | 0 | 24 | 0 | 5 | 0 | 1 | 0,39,1.26,0.01,7 | 9 | 21 | 28,184,20260718,0
best place to see northern lights tonight,0 | 2,390,0 | 2 | 0 | 0 | 0 | 0 | 24 | 0 | 0 | 0 | 0 | 0,48,0,0.02,7 | 9 | 21 | 28 | 50,180,20260718,0
how to view northern lights tonight,0,390,3 | 68 | 2 | 3 | 7 | 3 | 100 | 2 | 31 | 20 | 3 | 3,42,0,0.05,7 | 9 | 21 | 28 | 50,179,20260718,0
noaa predicts northern lights will be visible far south tonight,0,390,0 | 0 | 0 | 0 | 0 | 0 | 3 | 100 | 0 | 0 | 0 | 0,47,0,0,9 | 21 | 28 | 50,156,20260718,0
northern lights ct tonight,0,390,1 | 29 | 0 | 0 | 0 | 1 | 8 | 0 | 7 | 0 | 1 | 1,32,0,0.33,6 | 9 | 21 | 28 | 50,115,20260718,0
northern lights forecast for tonight,0,390,0 | 28 | 0 | 0 | 15 | 0 | 13 | 0 | 1 | 2 | 13 | 2,42,0.89,0.01,7 | 9 | 21 | 28 | 50,185,20260718,0
northern lights in missouri tonight,0,390,4 | 30 | 1 | 2 | 7 | 2 | 100 | 4 | 20 | 0 | 4 | 1,17,0,0,9 | 21 | 28,146,20260718,0
northern lights in nj tonight,0,390,8 | 31 | 3 | 4 | 20 | 7 | 100 | 13 | 20 | 3 | 5 | 7,37,0,0.33,9 | 21 | 28 | 50,131,20260718,0
northern lights in pennsylvania tonight,0,390,7 | 16 | 3 | 3 | 31 | 8 | 100 | 8 | 46 | 4 | 5 | 7,19,0,0.33,9 | 21 | 28 | 50,142,20260718,0
northern lights in washington tonight,0,390,10 | 41 | 4 | 5 | 16 | 4 | 66 | 4 | 24 | 2 | 3 | 5,14,0,0.33,7 | 9 | 21 | 28 | 50,157,20260718,0
northern lights iowa tonight,0,390,1 | 8 | 0 | 3 | 4 | 2 | 53 | 2 | 8 | 0 | 5 | 3,23,0,0,9 | 21 | 28 | 50,107,20260718,0
northern lights near me tonight,0 | 3,390,7 | 2 | 8 | 2 | 0 | 2 | 18 | 0 | 3 | 10 | 18 | 18,33,1.28,0.03,7 | 9 | 21 | 28 | 50,193,20260718,0
northern lights new jersey tonight,0,390,1 | 24 | 0 | 2 | 3 | 2 | 35 | 3 | 10 | 1 | 1 | 2,18,0,0.33,9 | 13 | 21 | 28 | 50,109,20260718,0
northern lights tonight boise,0,390,0 | 8 | 0 | 0 | 0 | 0 | 23 | 0 | 1 | 0 | 0 | 0,12,0,0.33,6 | 9 | 21 | 28 | 50,92,20260718,0
northern lights tonight california,0,390,1 | 10 | 0 | 1 | 1 | 0 | 29 | 1 | 16 | 0 | 0 | 0,30,0,0.01,7 | 9 | 21 | 28 | 50,134,20260718,0
northern lights tonight detroit,0,390,0 | 4 | 0 | 0 | 0 | 0 | 81 | 0 | 4 | 0 | 0 | 0,25,0,0.33,7 | 9 | 21 | 28 | 50,121,20260718,0
northern lights tonight fort worth,0,390,0 | 7 | 0 | 0 | 0 | 0 | 100 | 0 | 2 | 0 | 0 | 0,25,0,0,9 | 11 | 21 | 28,143,20260718,0
northern lights tonight in wi,0,390,10 | 8 | 2 | 10 | 2 | 2 | 18 | 2 | 24 | 3 | 7 | 4,12,0,0.33,7 | 9 | 21 | 28 | 50,138,20260718,0
northern lights tonight jacksonville fl,0,390,0 | 24 | 0 | 0 | 0 | 0 | 100 | 0 | 10 | 0 | 0 | 0,24,0,0.33,7 | 9 | 21 | 28 | 50,139,20260718,0
northern lights tonight new york,0,390,1 | 7 | 1 | 0 | 7 | 1 | 54 | 1 | 22 | 2 | 2 | 16,22,0,0.33,7 | 9 | 21 | 28 | 50,131,20260718,0
northern lights tonight richmond va,0,390,0 | 10 | 0 | 0 | 0 | 0 | 81 | 0 | 3 | 0 | 0 | 0,20,0,0.33,6 | 7 | 9 | 21 | 28 | 50,134,20260718,0
northern lights tonight st louis,0,390,0 | 10 | 0 | 0 | 0 | 0 | 19 | 0 | 1 | 0 | 0 | 0,17,0,0.33,6 | 7 | 9 | 21 | 28 | 50,115,20260718,0
northern lights tonight vermont,0,390,0 | 16 | 0 | 0 | 3 | 1 | 13 | 0 | 4 | 0 | 0 | 0,21,0,0.33,9 | 21 | 50,111,20260718,0
northern lights tonight washington,0,390,2 | 7 | 1 | 0 | 2 | 0 | 19 | 0 | 8 | 0 | 1 | 1,26,0,0.33,9 | 21 | 28 | 50,105,20260718,0
northern lights tonight,0,135000,0 | 7 | 0 | 0 | 2 | 0 | 44 | 0 | 4 | 0 | 0 | 4,42,1.7,0.01,7 | 9 | 21 | 28 | 50,130,20260718,0
aurora borealis northern lights tonight,0,9900,0 | 0 | 0 | 0 | 0 | 0 | 54 | 0 | 2 | 0 | 0 | 0,46,1.52,0.02,9 | 15 | 21 | 28 | 49 | 50,51,20260718,0
best time to see northern lights tonight,0 | 2,8100,0 | 9 | 0 | 0 | 0 | 0 | 67 | 0 | 0 | 0 | 0 | 0,32,0,0.33,7 | 9 | 21 | 28 | 50,185,20260718,0
can i see the northern lights tonight,0,6600,0 | 6 | 0 | 1 | 2 | 1 | 44 | 0 | 6 | 0 | 0 | 0,41,1.26,0.01,7 | 9 | 21 | 28 | 50,184,20260718,0
northern lights tonight near me,0 | 3,5400,0 | 2 | 0 | 4 | 1 | 0 | 13 | 1 | 4 | 0 | 0 | 0,42,0.99,0.02,7 | 9 | 21 | 28 | 50,192,20260718,0
what time is the northern lights tonight,0,5400,0 | 7 | 0 | 0 | 0 | 0 | 100 | 0 | 0 | 0 | 0 | 0,21,0,0.01,7 | 9 | 21 | 28 | 50,38,20260718,0
can you see the northern lights tonight,0,4400,0 | 3 | 0 | 0 | 0 | 0 | 36 | 0 | 2 | 0 | 0 | 0,44,0,0.33,7 | 9 | 21 | 28 | 50,186,20260718,0
northern lights tonight map,0,4400,2 | 16 | 0 | 3 | 7 | 3 | 44 | 3 | 8 | 0 | 1 | 2,53,1.51,0.33,5 | 7 | 9 | 21 | 28 | 50,135,20260718,0
what time are the northern lights tonight,0,4400,0 | 7 | 0 | 0 | 0 | 0 | 36 | 0 | 0 | 0 | 0 | 0,47,0,0.01,7 | 9 | 21 | 28 | 50,188,20260718,0
where to see northern lights tonight,0,4400,0 | 13 | 0 | 1 | 1 | 1 | 29 | 1 | 8 | 0 | 0 | 0,58,0.71,0.02,7 | 9 | 21 | 28 | 50,182,20260718,0
northern lights tonight massachusetts,0,2900,0 | 16 | 0 | 0 | 1 | 0 | 44 | 0 | 3 | 0 | 0 | 0,22,0,0.33,7 | 9 | 21 | 28 | 50,108,20260718,0
what time can you see the northern lights tonight,0,2900,0 | 10 | 0 | 0 | 1 | 0 | 54 | 0 | 2 | 0 | 0 | 0,28,0,0.01,6 | 7 | 9 | 21 | 28 | 50,190,20260718,0
what time to see northern lights tonight,0,2900,0 | 8 | 0 | 0 | 1 | 0 | 54 | 0 | 2 | 0 | 0 | 0,35,0,0.33,6 | 7 | 9 | 21 | 28 | 50,183,20260718,0
when can i see the northern lights tonight,0,2900,0 | 8 | 0 | 0 | 0 | 0 | 100 | 0 | 1 | 0 | 0 | 0,45,0,0.01,7 | 9 | 21 | 28 | 50,189,20260718,0
where to see the northern lights tonight,0,2900,2 | 24 | 0 | 2 | 10 | 1 | 100 | 0 | 10 | 0 | 1 | 1,26,0.71,0.02,7 | 9 | 21 | 28 | 50,177,20260718,0
northern lights tonight dallas,0,2400,0 | 4 | 0 | 0 | 0 | 0 | 100 | 0 | 1 | 0 | 0 | 0,23,0,0.01,5 | 6 | 7 | 9 | 13 | 20 | 21 | 28 | 50,107,20260718,0
northern lights tonight new jersey,0,2400,0 | 7 | 0 | 0 | 1 | 0 | 44 | 0 | 1 | 0 | 0 | 0,17,0,0.33,9 | 21 | 28 | 50,107,20260718,0
what time can i see the northern lights tonight,0,2400,0 | 8 | 0 | 0 | 2 | 0 | 54 | 0 | 7 | 0 | 0 | 0,24,0,0.01,7 | 9 | 21 | 28 | 50,183,20260718,0
where can i see the northern lights tonight,0,2400,0 | 4 | 0 | 0 | 0 | 1 | 36 | 0 | 7 | 0 | 0 | 0,43,0.71,0.02,7 | 9 | 15 | 21 | 28 | 50,184,20260718,0
can i see northern lights tonight,0,1900,0 | 10 | 0 | 0 | 4 | 2 | 81 | 0 | 4 | 2 | 0 | 0,57,1.26,0.01,7 | 9 | 21 | 28 | 50,179,20260718,0
can we see the northern lights tonight,0,1900,0 | 4 | 0 | 0 | 2 | 0 | 24 | 0 | 3 | 0 | 0 | 0,44,0,0.01,9 | 21 | 28,179,20260718,0
how to see the northern lights tonight,0,1900,0 | 10 | 0 | 0 | 0 | 0 | 29 | 0 | 3 | 2 | 0 | 0,39,0,0.02,7 | 9 | 21 | 28 | 50,138,20260718,0
northern lights tonight chicago,0,1900,1 | 13 | 0 | 0 | 4 | 0 | 66 | 1 | 5 | 0 | 0 | 1,20,0,0.33,7 | 9 | 21 | 28 | 50,109,20260718,0
what time for northern lights tonight,0,1900,2 | 81 | 1 | 3 | 4 | 3 | 100 | 0 | 5 | 0 | 1 | 2,43,0,0.02,9 | 21 | 28,185,20260718,0
when to see northern lights tonight,0,1900,0 | 5 | 0 | 0 | 0 | 0 | 44 | 0 | 0 | 0 | 0 | 0,41,0,0.33,7 | 9 | 21 | 28 | 50,180,20260718,0
are there northern lights tonight,0,1600,1 | 10 | 1 | 2 | 5 | 3 | 81 | 3 | 8 | 2 | 2 | 1,48,0,0.01,9 | 21 | 28,175,20260718,0
northern lights tonight ohio,0,1600,1 | 10 | 0 | 0 | 3 | 1 | 36 | 3 | 7 | 0 | 0 | 1,19,0,0.33,7 | 9 | 21 | 28 | 50,106,20260718,0
northern lights tonight time,0,1600,1 | 15 | 0 | 1 | 7 | 1 | 100 | 1 | 19 | 0 | 0 | 1,31,0,0.01,7 | 9 | 21 | 28 | 50,138,20260718,0
seattle northern lights tonight,0,1600,5 | 54 | 3 | 5 | 19 | 3 | 100 | 3 | 66 | 2 | 4 | 5,13,0,0.33,7 | 9 | 21 | 28 | 50,132,20260718,0
what time northern lights tonight,0,1600,0 | 10 | 0 | 0 | 0 | 0 | 54 | 0 | 0 | 0 | 0 | 0,58,0,0.01,7 | 9 | 21 | 28 | 50,183,20260718,0
what time to see the northern lights tonight,0,1600,0 | 7 | 0 | 0 | 2 | 0 | 44 | 0 | 1 | 0 | 0 | 0,24,0,0.33,7 | 9 | 21 | 28,189,20260718,0
will i be able to see the northern lights tonight,0,1600,0 | 5 | 0 | 0 | 2 | 0 | 36 | 0 | 4 | 0 | 0 | 0,52,0,0.01,7 | 9 | 21 | 28,188,20260718,0
can you see northern lights tonight,0,1300,0 | 19 | 0 | 0 | 4 | 2 | 54 | 1 | 8 | 0 | 0 | 0,43,0,0.33,7 | 9 | 21 | 28 | 50,177,20260718,0
is there northern lights tonight,0,1300,0 | 8 | 1 | 3 | 8 | 4 | 81 | 3 | 7 | 3 | 3 | 3,33,0.96,0.01,9 | 14 | 15 | 21 | 28,178,20260718,0
northern lights tonight connecticut,0,1300,0 | 13 | 0 | 0 | 3 | 0 | 24 | 0 | 4 | 0 | 0 | 0,22,0,0.33,7 | 9 | 21 | 28 | 50,100,20260718,0
northern lights tonight minneapolis,0,1300,0 | 5 | 0 | 0 | 1 | 0 | 100 | 0 | 2 | 0 | 0 | 0,16,0,0.33,9 | 21 | 28 | 50,109,20260718,0
northern lights tonight nyc,0,1300,0 | 2 | 0 | 0 | 0 | 0 | 16 | 0 | 1 | 0 | 0 | 0,27,0,0.33,7 | 9 | 21 | 28 | 50,108,20260718,0
northern lights tonight omaha,0,1300,0 | 4 | 0 | 0 | 0 | 0 | 100 | 0 | 2 | 0 | 0 | 0,24,0,0.33,6 | 9 | 21 | 28 | 50,88,20260718,0
northern lights tonight wisconsin,0,1300,5 | 43 | 4 | 8 | 36 | 19 | 100 | 8 | 15 | 3 | 7 | 4,20,0,0.01,4 | 6 | 9 | 21 | 28 | 50,108,20260718,0
what time is best to see the northern lights tonight,0,1300,0 | 7 | 0 | 0 | 0 | 0 | 100 | 0 | 4 | 0 | 0 | 0,47,0,0.02,7 | 9 | 21 | 28 | 50,191,20260718,0
when to see the northern lights tonight,0,1300,0 | 19 | 0 | 0 | 0 | 0 | 100 | 0 | 1 | 0 | 0 | 0,47,0,0.01,9 | 21 | 28 | 50,178,20260718,0
where can you see the northern lights tonight,0,1300,0 | 10 | 0 | 4 | 1 | 1 | 44 | 0 | 4 | 0 | 0 | 0,42,0.66,0.02,7 | 9 | 21 | 50,177,20260718,0
will there be northern lights tonight,0,1300,0 | 2 | 0 | 0 | 2 | 0 | 24 | 0 | 2 | 0 | 0 | 0,35,0,0,9 | 21 | 28 | 50,179,20260718,0
will we see the northern lights tonight,0,1300,0 | 13 | 1 | 3 | 3 | 3 | 100 | 2 | 19 | 1 | 2 | 1,26,0,0.01,7 | 9 | 21 | 28,186,20260718,0
michigan northern lights tonight,0,1000,3 | 66 | 3 | 10 | 16 | 2 | 29 | 3 | 16 | 3 | 8 | 7,33,0,0.33,4 | 9 | 21 | 50,107,20260718,0
northern lights tonight atlanta,0,1000,0 | 0 | 0 | 0 | 0 | 0 | 29 | 0 | 0 | 0 | 0 | 0,21,0,0.33,9 | 21 | 28 | 50,117,20260718,0
northern lights tonight in michigan,0,1000,3 | 16 | 2 | 2 | 10 | 2 | 16 | 3 | 7 | 1 | 3 | 3,25,0,0.33,9 | 21 | 28 | 50,164,20260718,0
northern lights tonight seattle,0,1000,1 | 5 | 1 | 0 | 2 | 0 | 36 | 1 | 19 | 0 | 0 | 1,22,0,0.33,7 | 9 | 21 | 28 | 50,135,20260718,0
see northern lights tonight,0,1000,0 | 5 | 0 | 1 | 2 | 1 | 24 | 0 | 5 | 0 | 0 | 0,44,0.48,0.01,9 | 21 | 28 | 50,131,20260718,0
what time are northern lights tonight,0,1000,0 | 54 | 0 | 0 | 12 | 1 | 81 | 0 | 4 | 0 | 0 | 0,48,0,0.01,7 | 9 | 21 | 28 | 50,188,20260718,0
aurora northern lights tonight,0,880,1 | 24 | 0 | 1 | 10 | 3 | 100 | 0 | 4 | 0 | 0 | 10,36,1.52,0.02,7 | 9 | 21 | 28,74,20260718,0
best time to see the northern lights tonight,0 | 2,880,1 | 13 | 0 | 0 | 0 | 0 | 66 | 0 | 2 | 0 | 0 | 0,37,0,0.01,9 | 21 | 28 | 50,182,20260718,0
can we see northern lights tonight,0,880,0 | 13 | 0 | 0 | 4 | 1 | 66 | 0 | 7 | 0 | 0 | 0,53,0,0.01,7 | 9 | 21 | 28 | 50,176,20260718,0
northern lights tonight austin,0,880,0 | 3 | 0 | 0 | 0 | 0 | 66 | 0 | 0 | 0 | 0 | 0,27,0,0.33,6 | 7 | 9 | 21 | 28 | 50,116,20260718,0
northern lights tonight houston,0,880,0 | 3 | 0 | 0 | 0 | 0 | 54 | 0 | 1 | 0 | 0 | 0,26,0,0.33,6 | 9 | 21 | 50,106,20260718,0
northern lights tonight in wisconsin,0,880,8 | 36 | 5 | 8 | 16 | 22 | 65 | 5 | 29 | 5 | 10 | 8,17,0,0.33,7 | 9 | 21 | 28 | 50,149,20260718,0
northern lights tonight nashville,0,880,0 | 4 | 0 | 0 | 0 | 0 | 36 | 0 | 2 | 0 | 0 | 0,25,0,0,6 | 9 | 21 | 28,104,20260718,0
northern lights tonight philadelphia,0,880,0 | 7 | 0 | 0 | 1 | 0 | 36 | 0 | 2 | 0 | 0 | 0,23,0,0.33,7 | 9 | 21 | 28 | 50,105,20260718,0
northern lights tonight phoenix,0,880,0 | 3 | 0 | 0 | 0 | 0 | 100 | 0 | 4 | 0 | 0 | 0,25,0,0.33,6 | 9 | 21 | 28 | 50,125,20260718,0
northern lights tonight pittsburgh,0,880,0 | 13 | 0 | 0 | 1 | 0 | 16 | 0 | 1 | 0 | 0 | 0,26,0,0,6 | 9 | 21 | 28 | 50,1330000,20260718,0
northern lights tonight what time,0,880,3 | 81 | 2 | 3 | 4 | 7 | 81 | 0 | 5 | 0 | 0 | 0,53,0,0.01,7 | 9 | 21 | 28 | 50,184,20260718,0
see the northern lights tonight,0,880,2 | 23 | 2 | 4 | 7 | 2 | 66 | 1 | 12 | 1 | 0 | 2,57,0.42,0.02,7 | 9 | 21 | 28 | 50,179,20260718,0
what time is northern lights tonight,0,880,0 | 4 | 0 | 0 | 0 | 1 | 29 | 0 | 5 | 0 | 0 | 0,25,0,0.01,7 | 9 | 21 | 28 | 50,188,20260718,0
when can you see the northern lights tonight,0,880,0 | 13 | 0 | 0 | 0 | 0 | 66 | 0 | 2 | 0 | 0 | 0,29,0,0,9 | 28 | 50,,20260718,0
when is the northern lights tonight,0,880,0 | 12 | 0 | 0 | 1 | 0 | 100 | 0 | 1 | 0 | 0 | 0,48,0,0.02,7 | 9 | 21 | 28 | 50,181,20260718,0
how to see northern lights tonight,0,720,0 | 8 | 0 | 0 | 0 | 0 | 10 | 0 | 2 | 1 | 0 | 0,43,0,0.05,7 | 9 | 21 | 28 | 50,181,20260718,0
northern lights tonight boston,0,720,0 | 5 | 0 | 0 | 1 | 0 | 44 | 1 | 8 | 0 | 1 | 0,30,0,0,9 | 21 | 28 | 50,105,20260718,0
northern lights tonight iowa,0,720,0 | 5 | 0 | 2 | 5 | 2 | 81 | 2 | 3 | 0 | 2 | 1,30,0,0,9 | 21 | 28 | 50,109,20260718,0
northern lights tonight las vegas,0,720,0 | 2 | 0 | 0 | 0 | 0 | 44 | 0 | 1 | 0 | 0 | 0,13,0,0.33,6 | 9 | 21 | 50,98,20260718,0
northern lights tonight los angeles,0,720,0 | 10 | 0 | 0 | 1 | 0 | 66 | 0 | 4 | 0 | 0 | 0,43,0,0,9 | 21,130,20260718,0
northern lights tonight maine,0,720,3 | 36 | 4 | 13 | 20 | 16 | 29 | 7 | 29 | 5 | 5 | 7,20,0,0.33,9 | 20 | 21 | 50,119,20260718,0
northern lights tonight michigan,0,720,3 | 6 | 4 | 6 | 16 | 2 | 10 | 3 | 3 | 0 | 2 | 2,27,0,0.33,7 | 9 | 21 | 28 | 50,129,20260718,0
northern lights tonight new hampshire,0,720,0 | 12 | 0 | 0 | 3 | 0 | 29 | 1 | 3 | 0 | 1 | 1,27,0,0,9 | 21 | 28 | 50,106,20260718,0
viewing northern lights tonight,0,720,2 | 16 | 3 | 5 | 13 | 3 | 81 | 1 | 10 | 1 | 1 | 3,21,0,0.01,7 | 9 | 21 | 28,60,20260718,0
what time can we see northern lights tonight,0,720,0 | 19 | 0 | 0 | 5 | 1 | 100 | 1 | 10 | 0 | 0 | 0,32,0,0.33,7 | 9 | 21 | 28 | 50,181,20260718,0
what time can we see the northern lights tonight,0,720,0 | 10 | 0 | 0 | 0 | 0 | 44 | 0 | 2 | 0 | 0 | 0,30,0,0.01,9 | 21 | 28,189,20260718,0
where can i see northern lights tonight,0,720,10 | 5 | 2 | 0 | 44 | 0 | 100 | 0 | 13 | 0 | 0 | 0,49,0.66,0.02,7 | 9 | 21 | 28 | 50,178,20260718,0
best time for northern lights tonight,0 | 2,590,0 | 10 | 0 | 0 | 2 | 0 | 81 | 0 | 3 | 0 | 0 | 0,38,0,0.33,6 | 9 | 21 | 28 | 50,178,20260718,0
best time to view northern lights tonight,0 | 2,590,1 | 15 | 0 | 1 | 1 | 1 | 100 | 0 | 1 | 0 | 0 | 0,38,0,0.01,9 | 21 | 28 | 50,177,20260718,0
boston northern lights tonight,0,590,1 | 36 | 1 | 1 | 5 | 2 | 100 | 4 | 24 | 1 | 4 | 3,14,0,0.33,6 | 7 | 9 | 21 | 28,109,20260718,0
northern lights tonight albuquerque,0,590,0 | 2 | 0 | 0 | 0 | 0 | 100 | 0 | 5 | 0 | 0 | 0,20,0,0.01,6 | 9 | 21 | 28,108,20260718,0
northern lights tonight colorado,0,590,1 | 15 | 0 | 2 | 2 | 2 | 36 | 2 | 28 | 2 | 3 | 2,33,0,0.33,7 | 9 | 21 | 28 | 50,111,20260718,0
northern lights tonight in ohio,0,590,4 | 16 | 2 | 2 | 13 | 7 | 29 | 8 | 24 | 2 | 3 | 5,15,0,0.33,7 | 9 | 21 | 28 | 50,139,20260718,0
northern lights tonight louisville ky,0,590,0 | 54 | 0 | 0 | 0 | 0 | 23 | 0 | 3 | 0 | 0 | 0,10,0,0.33,7 | 9 | 21 | 28 | 50,108,20260718,0
northern lights tonight milwaukee,0,590,0 | 24 | 0 | 0 | 2 | 0 | 81 | 1 | 4 | 0 | 0 | 0,13,0,0.33,6 | 7 | 9 | 21 | 28 | 50,127,20260718,0
northern lights tonight minnesota,0,590,11 | 30 | 7 | 13 | 5 | 5 | 65 | 13 | 44 | 8 | 20 | 11,25,0,0.33,7 | 9 | 21 | 28 | 50,120,20260718,0
northern lights tonight orlando,0,590,0 | 2 | 0 | 0 | 0 | 0 | 100 | 0 | 1 | 0 | 0 | 0,23,0,0.33,7 | 9 | 21 | 28 | 50,109,20260718,0
northern lights tonight tampa,0,590,0 | 2 | 0 | 0 | 0 | 0 | 100 | 0 | 1 | 0 | 0 | 0,20,0,0.33,6 | 7 | 9 | 28 | 50,107,20260718,0
the northern lights tonight,0,590,0 | 7 | 0 | 0 | 1 | 0 | 29 | 0 | 1 | 0 | 0 | 0,50,0,0.03,9 | 21 | 28 | 50,129,20260718,0
time of the northern lights tonight,0,590,3 | 44 | 1 | 5 | 16 | 3 | 80 | 3 | 44 | 1 | 1 | 3,29,0,0.01,7 | 9 | 21 | 28 | 50,179,20260718,0
when are the northern lights tonight,0,590,0 | 3 | 0 | 0 | 1 | 0 | 10 | 0 | 1 | 0 | 0 | 0,52,0,0,9 | 21 | 28 | 50,187,20260718,0
will you be able to see the northern lights tonight,0,590,0 | 0 | 0 | 0 | 0 | 0 | 19 | 0 | 0 | 0 | 0 | 0,32,0,0.33,7 | 9 | 21 | 28 | 50,181,20260718,0
wisconsin northern lights tonight,0,590,37 | 31 | 25 | 11 | 37 | 37 | 100 | 25 | 25 | 5 | 20 | 11,32,0,0.01,9 | 21 | 28 | 50,134,20260718,0
is the northern lights tonight,0,480,0 | 3 | 0 | 0 | 1 | 0 | 36 | 0 | 1 | 0 | 0 | 0,40,0,0.02,7 | 9 | 15 | 21 | 28 | 50,187,20260718,0
maine northern lights tonight,0,480,16 | 68 | 7 | 25 | 25 | 25 | 68 | 11 | 37 | 5 | 11 | 8,22,0,0.33,9 | 21 | 28 | 50,104,20260718,0
northern lights tonight birmingham al,0,480,0 | 0 | 0 | 0 | 0 | 0 | 100 | 0 | 0 | 0 | 0 | 0,24,0,0.33,6 | 9 | 21 | 28 | 50,142,20260718,0
northern lights tonight charlotte nc,0,480,0 | 3 | 0 | 0 | 0 | 0 | 29 | 0 | 0 | 0 | 0 | 0,10,0,0.33,6 | 7 | 9 | 13 | 21 | 28 | 50,143,20260718,0
northern lights tonight cincinnati,0,480,0 | 7 | 0 | 0 | 0 | 0 | 44 | 0 | 2 | 0 | 0 | 0,13,0,0.33,7 | 21 | 28 | 50,49,20260718,0
northern lights tonight delaware,0,480,0 | 8 | 0 | 0 | 1 | 0 | 36 | 0 | 3 | 0 | 0 | 0,34,0,0.01,6 | 9 | 21 | 28 | 50,84,20260718,0
northern lights tonight des moines,0,480,0 | 8 | 0 | 0 | 2 | 0 | 100 | 0 | 3 | 0 | 0 | 0,21,0,0.33,7 | 9 | 21 | 28 | 50,108,20260718,0
northern lights tonight illinois,0,480,1 | 8 | 0 | 3 | 7 | 2 | 54 | 3 | 7 | 1 | 2 | 3,25,0,0.33,7 | 9 | 21 | 28 | 50,108,20260718,0
northern lights tonight in maine,0,480,3 | 36 | 13 | 16 | 55 | 30 | 45 | 16 | 81 | 13 | 16 | 16,21,0,0.33,7 | 9 | 21 | 28 | 50,145,20260718,0
northern lights tonight in minnesota,0,480,8 | 13 | 7 | 13 | 1 | 2 | 65 | 5 | 44 | 7 | 16 | 8,15,0,0.33,7 | 9 | 21 | 28 | 50,141,20260718,0
northern lights tonight indiana,0,480,0 | 16 | 0 | 0 | 1 | 1 | 36 | 0 | 3 | 0 | 1 | 0,11,0,0.33,9 | 21 | 28 | 50,104,20260718,0
northern lights tonight kansas city,0,480,0 | 29 | 0 | 0 | 1 | 0 | 66 | 0 | 4 | 0 | 0 | 0,23,0,0.33,9 | 21 | 28 | 50,108,20260718,0
northern lights tonight lincoln ne,0,480,0 | 7 | 0 | 0 | 0 | 0 | 81 | 0 | 3 | 0 | 0 | 0,17,0,0.33,6 | 7 | 9 | 21 | 28,50,20260718,0
northern lights tonight long island,0,480,0 | 10 | 0 | 0 | 0 | 0 | 36 | 0 | 3 | 0 | 0 | 0,30,0,0.33,6 | 9 | 21 | 28 | 50,93,20260718,0
northern lights tonight okc,0,480,0 | 8 | 0 | 0 | 0 | 0 | 100 | 0 | 3 | 0 | 0 | 0,16,0,0.33,7 | 9 | 21 | 28 | 50,118,20260718,0
northern lights tonight pennsylvania,0,480,0 | 6 | 0 | 0 | 3 | 1 | 16 | 1 | 5 | 0 | 0 | 0,25,0,0.33,7 | 9 | 21 | 28 | 50,106,20260718,0
northern lights tonight rhode island,0,480,0 | 16 | 0 | 0 | 2 | 0 | 29 | 0 | 3 | 0 | 0 | 0,24,0,0.33,6 | 9 | 21 | 28 | 50,93,20260718,0
northern lights tonight sacramento,0,480,0 | 12 | 0 | 0 | 0 | 0 | 54 | 0 | 1 | 0 | 0 | 0,30,0,0.33,6 | 7 | 9 | 21 | 28 | 50,131,20260718,0
northern lights tonight san antonio,0,480,0 | 7 | 0 | 0 | 0 | 0 | 100 | 0 | 2 | 0 | 0 | 0,27,0,0.33,9 | 21 | 28 | 50,129,20260718,0
northern lights tonight san diego,0,480,0 | 5 | 0 | 0 | 0 | 0 | 54 | 0 | 3 | 0 | 0 | 0,20,0,0,6 | 9 | 21 | 28 | 50,124,20260718,0
northern lights tonight san francisco,0,480,0 | 29 | 0 | 0 | 1 | 0 | 100 | 0 | 7 | 0 | 0 | 0,23,0,0.01,6 | 7 | 9 | 21 | 28 | 50,134,20260718,0
northern lights tonight utah,0,480,1 | 16 | 0 | 0 | 0 | 0 | 29 | 1 | 13 | 0 | 1 | 0,19,0,0,9 | 21 | 28 | 50,107,20260718,0
view northern lights tonight,0,480,8 | 41 | 4 | 16 | 20 | 8 | 100 | 2 | 41 | 4 | 4 | 8,19,0,0.01,7 | 9 | 21 | 28 | 50,136,20260718,0
what states can see the northern lights tonight,0,480,3 | 34 | 3 | 8 | 24 | 8 | 100 | 8 | 11 | 3 | 8 | 8,30,0,0.33,7 | 9 | 21 | 28 | 50,172,20260718,0
what's the best time to see the northern lights tonight,0 | 2,480,0 | 10 | 0 | 0 | 3 | 0 | 100 | 0 | 4 | 0 | 0 | 0,42,0,0.02,9 | 21 | 28,121,20260718,0
when can we see the northern lights tonight,0,480,0 | 10 | 0 | 0 | 2 | 0 | 100 | 0 | 2 | 0 | 0 | 0,23,0,0.33,7 | 9 | 21 | 28 | 50,186,20260718,0
when to look for northern lights tonight,0,480,0 | 4 | 0 | 0 | 0 | 0 | 100 | 0 | 3 | 0 | 0 | 0,30,0,0.33,7 | 9 | 21 | 28 | 50,174,20260718,0
will i see the northern lights tonight,0,480,1 | 3 | 0 | 0 | 1 | 0 | 24 | 0 | 5 | 0 | 1 | 0,39,1.26,0.01,7 | 9 | 21 | 28,184,20260718,0
best place to see northern lights tonight,0 | 2,390,0 | 2 | 0 | 0 | 0 | 0 | 24 | 0 | 0 | 0 | 0 | 0,48,0,0.02,7 | 9 | 21 | 28 | 50,180,20260718,0
how to view northern lights tonight,0,390,3 | 68 | 2 | 3 | 7 | 3 | 100 | 2 | 31 | 20 | 3 | 3,42,0,0.05,7 | 9 | 21 | 28 | 50,179,20260718,0
northern lights tonight boise,0,390,0 | 8 | 0 | 0 | 0 | 0 | 23 | 0 | 1 | 0 | 0 | 0,12,0,0.33,6 | 9 | 21 | 28 | 50,92,20260718,0
northern lights tonight california,0,390,1 | 10 | 0 | 1 | 1 | 0 | 29 | 1 | 16 | 0 | 0 | 0,30,0,0.01,7 | 9 | 21 | 28 | 50,134,20260718,0
northern lights tonight detroit,0,390,0 | 4 | 0 | 0 | 0 | 0 | 81 | 0 | 4 | 0 | 0 | 0,25,0,0.33,7 | 9 | 21 | 28 | 50,121,20260718,0
northern lights tonight fort worth,0,390,0 | 7 | 0 | 0 | 0 | 0 | 100 | 0 | 2 | 0 | 0 | 0,25,0,0,9 | 11 | 21 | 28,143,20260718,0
northern lights tonight in wi,0,390,10 | 8 | 2 | 10 | 2 | 2 | 18 | 2 | 24 | 3 | 7 | 4,12,0,0.33,7 | 9 | 21 | 28 | 50,138,20260718,0
northern lights tonight jacksonville fl,0,390,0 | 24 | 0 | 0 | 0 | 0 | 100 | 0 | 10 | 0 | 0 | 0,24,0,0.33,7 | 9 | 21 | 28 | 50,139,20260718,0
northern lights tonight new york,0,390,1 | 7 | 1 | 0 | 7 | 1 | 54 | 1 | 22 | 2 | 2 | 16,22,0,0.33,7 | 9 | 21 | 28 | 50,131,20260718,0
northern lights tonight richmond va,0,390,0 | 10 | 0 | 0 | 0 | 0 | 81 | 0 | 3 | 0 | 0 | 0,20,0,0.33,6 | 7 | 9 | 21 | 28 | 50,134,20260718,0
northern lights tonight st louis,0,390,0 | 10 | 0 | 0 | 0 | 0 | 19 | 0 | 1 | 0 | 0 | 0,17,0,0.33,6 | 7 | 9 | 21 | 28 | 50,115,20260718,0
northern lights tonight vermont,0,390,0 | 16 | 0 | 0 | 3 | 1 | 13 | 0 | 4 | 0 | 0 | 0,21,0,0.33,9 | 21 | 50,111,20260718,0
northern lights tonight washington,0,390,2 | 7 | 1 | 0 | 2 | 0 | 19 | 0 | 8 | 0 | 1 | 1,26,0,0.33,9 | 21 | 28 | 50,105,20260718,0
northern lights tonight wichita ks,0,390,0 | 8 | 0 | 0 | 0 | 0 | 100 | 1 | 8 | 0 | 0 | 1,18,0,0.33,6 | 7 | 9 | 21 | 50,105,20260718,0
time for northern lights tonight,0,390,0 | 7 | 0 | 0 | 1 | 0 | 54 | 0 | 2 | 0 | 0 | 0,55,0,0.33,9 | 21 | 28 | 50,176,20260718,0
time to see northern lights tonight,0,390,0 | 5 | 0 | 0 | 1 | 0 | 81 | 0 | 0 | 0 | 0 | 0,30,0,0.33,7 | 9 | 21 | 28,188,20260718,0
what time see northern lights tonight,0,390,0 | 3 | 0 | 0 | 0 | 0 | 100 | 1 | 3 | 0 | 0 | 0,30,0,0.33,7 | 9 | 21 | 28 | 50,187,20260718,0
what time to view northern lights tonight,0,390,1 | 13 | 0 | 1 | 2 | 1 | 24 | 1 | 19 | 0 | 1 | 0,37,0,0.01,6 | 9 | 21 | 28 | 50,179,20260718,0
where are the northern lights tonight,0,390,0 | 7 | 0 | 1 | 1 | 2 | 35 | 1 | 5 | 0 | 1 | 1,39,0,0.02,7 | 9 | 21 | 28,180,20260718,0
can u see the northern lights tonight,0,320,1 | 8 | 1 | 2 | 3 | 1 | 100 | 1 | 4 | 0 | 1 | 0,31,0,0.33,7 | 9 | 21 | 28,123,20260718,0
chicago northern lights tonight,0,320,3 | 12 | 0 | 0 | 2 | 0 | 12 | 2 | 8 | 1 | 1 | 2,22,0,0.33,7 | 9 | 21 | 28 | 50,108,20260718,0
how can i see the northern lights tonight,0,320,2 | 2 | 2 | 2 | 10 | 0 | 100 | 2 | 24 | 16 | 2 | 2,33,0,0.05,9 | 21 | 28,174,20260718,0
mn northern lights tonight,0,320,2 | 36 | 5 | 3 | 2 | 0 | 27 | 3 | 16 | 0 | 3 | 3,49,0,0.33,4 | 9 | 21 | 28 | 50,128,20260718,0
northern lights tonight cleveland,0,320,0 | 10 | 0 | 0 | 2 | 0 | 19 | 0 | 1 | 0 | 0 | 0,18,0,0.33,6 | 7 | 9 | 21 | 28 | 50,108,20260718,0
northern lights tonight columbus ohio,0,320,0 | 5 | 0 | 0 | 0 | 0 | 35 | 0 | 1 | 0 | 0 | 0,19,0,0.33,6 | 7 | 9 | 21 | 28 | 50,107,20260718,0
northern lights tonight idaho,0,320,3 | 13 | 3 | 4 | 10 | 3 | 36 | 3 | 7 | 1 | 5 | 3,16,0,0.33,6 | 7 | 9 | 21 | 50,99,20260718,0
northern lights tonight in colorado,0,320,6 | 55 | 3 | 4 | 1 | 6 | 100 | 13 | 30 | 3 | 5 | 5,24,0,0.33,6 | 7 | 9 | 21 | 28 | 50,138,20260718,0
northern lights tonight in illinois,0,320,4 | 13 | 2 | 5 | 10 | 7 | 100 | 7 | 10 | 2 | 5 | 5,14,0,0.33,7 | 9 | 21 | 28 | 50,149,20260718,0
northern lights tonight in indiana,0,320,5 | 100 | 3 | 6 | 13 | 10 | 67 | 8 | 24 | 5 | 8 | 6,22,0,0.33,7 | 9 | 21 | 50,137,20260718,0
northern lights tonight in mn,0,320,8 | 13 | 7 | 4 | 1 | 0 | 16 | 3 | 44 | 7 | 16 | 8,27,0,0.33,7 | 9 | 21 | 28 | 50,142,20260718,0
northern lights tonight in seattle,0,320,54 | 44 | 7 | 36 | 54 | 19 | 100 | 15 | 67 | 10 | 19 | 19,18,0,0.33,6 | 7 | 9 | 21 | 28 | 50,133,20260718,0
northern lights tonight in washington state,0,320,16 | 55 | 5 | 6 | 16 | 8 | 81 | 6 | 30 | 4 | 6 | 6,18,0,0.33,4 | 9 | 21 | 28 | 50,138,20260718,0
northern lights tonight indianapolis,0,320,0 | 18 | 0 | 0 | 0 | 0 | 44 | 0 | 2 | 0 | 0 | 0,14,0,0.33,9 | 21 | 28 | 50,104,20260718,0
northern lights tonight knoxville tn,0,320,0 | 4 | 0 | 0 | 0 | 0 | 100 | 1 | 7 | 0 | 0 | 0,19,0,0.33,7 | 9 | 21 | 28 | 50,162,20260718,0
northern lights tonight madison,0,320,0 | 8 | 0 | 0 | 1 | 0 | 65 | 0 | 2 | 0 | 0 | 0,16,0,0.01,6 | 9 | 21 | 28 | 50,129,20260718,0
northern lights tonight maryland,0,320,0 | 0 | 0 | 0 | 0 | 0 | 3 | 0 | 1 | 0 | 0 | 0,16,0,0.33,6 | 7 | 9 | 21 | 28 | 50,134,20260718,0
northern lights tonight missouri,0,320,3 | 10 | 0 | 1 | 3 | 1 | 43 | 2 | 10 | 0 | 1 | 0,12,0,0.33,7 | 9 | 21 | 28 | 50,109,20260718,0
northern lights tonight nj,0,320,0 | 10 | 0 | 1 | 1 | 0 | 13 | 1 | 5 | 0 | 0 | 1,38,0,0.33,9 | 21 | 28 | 50,105,20260718,0
northern lights tonight virginia,0,320,0 | 3 | 0 | 0 | 2 | 0 | 43 | 0 | 2 | 0 | 0 | 0,15,0,0,9 | 21 | 28 | 50,108,20260718,0
northern lights tonight virginia beach,0,320,0 | 8 | 0 | 0 | 0 | 0 | 100 | 0 | 3 | 0 | 0 | 0,23,0,0.33,6 | 9 | 21 | 28 | 50,108,20260718,0
visible northern lights tonight,0,320,7 | 16 | 2 | 5 | 10 | 10 | 16 | 1 | 24 | 1 | 2 | 1,47,0.66,0.01,9 | 21 | 28 | 50,136,20260718,0
what time will we see the northern lights tonight,0,320,2 | 30 | 1 | 2 | 5 | 2 | 66 | 2 | 36 | 0 | 1 | 0,22,0,0.33,7 | 9 | 21 | 28 | 50,191,20260718,0
where can you see northern lights tonight,0,320,0 | 3 | 1 | 0 | 22 | 0 | 43 | 0 | 3 | 0 | 1 | 1,62,0.66,0.02,9 | 21 | 28,181,20260718,0
where to look for northern lights tonight,0,320,0 | 2 | 0 | 0 | 0 | 0 | 66 | 0 | 2 | 0 | 0 | 0,27,0,0.33,7 | 9 | 21 | 28,185,20260718,0
will we be able to see the northern lights tonight,0,320,0 | 2 | 0 | 0 | 0 | 0 | 19 | 0 | 0 | 0 | 0 | 0,51,0,0,9 | 21 | 28 | 50,181,20260718,0
will we see northern lights tonight,0,320,0 | 1 | 2 | 11 | 0 | 3 | 82 | 3 | 16 | 3 | 3 | 3,28,0,0.01,7 | 9 | 21 | 28 | 50,179,20260718,0
anchorage northern lights tonight,0,260,10 | 19 | 12 | 29 | 54 | 44 | 81 | 29 | 29 | 19 | 29 | 19,42,2.08,0.04,6 | 9 | 21 | 28 | 50,108,20260718,0
can you still see the northern lights tonight,0,260,0 | 1 | 0 | 0 | 0 | 0 | 23 | 0 | 0 | 0 | 0 | 0,30,0,0.04,9 | 21 | 28 | 50,179,20260718,0
chance of northern lights tonight,0,260,5 | 13 | 4 | 8 | 16 | 8 | 36 | 5 | 10 | 3 | 3 | 2,56,0,0.01,4 | 9 | 21 | 28 | 50,182,20260718,0
chance of seeing northern lights tonight,0,260,2 | 3 | 1 | 2 | 3 | 2 | 10 | 1 | 2 | 1 | 1 | 1,46,0,0.33,9 | 21 | 28,59,20260718,0
how to view the northern lights tonight,0,260,3 | 46 | 2 | 3 | 8 | 4 | 68 | 2 | 25 | 16 | 3 | 3,69,0,0.05,9 | 21 | 28 | 50,180,20260718,0
is there going to be northern lights tonight,0,260,1 | 7 | 1 | 1 | 3 | 1 | 52 | 2 | 4 | 0 | 1 | 0,51,0,0.03,4 | 9 | 21 | 28,185,20260718,0
northern lights tonight alaska,0,260,6 | 20 | 16 | 36 | 45 | 20 | 55 | 8 | 6 | 3 | 5 | 5,28,0,0.02,9 | 21 | 28 | 50,131,20260718,0
northern lights tonight buffalo ny,0,260,0 | 8 | 0 | 0 | 0 | 0 | 8 | 0 | 0 | 0 | 0 | 0,28,0,0.02,6 | 9 | 21 | 28 | 50,87,20260718,0
northern lights tonight duluth mn,0,260,1 | 5 | 1 | 2 | 2 | 4 | 100 | 2 | 2 | 0 | 2 | 2,21,0,0.33,6 | 7 | 9 | 21 | 28 | 50,115,20260718,0
northern lights tonight greenville sc,0,260,0 | 10 | 0 | 0 | 1 | 0 | 100 | 0 | 5 | 0 | 0 | 0,16,0,0.33,6 | 7 | 9 | 21 | 28 | 50,108,20260718,0
northern lights tonight in chicago,0,260,8 | 45 | 5 | 6 | 16 | 8 | 100 | 16 | 13 | 3 | 8 | 5,20,0,0.33,7 | 9 | 21 | 28 | 50,138,20260718,0
northern lights tonight in idaho,0,260,9 | 59 | 11 | 11 | 21 | 14 | 100 | 9 | 21 | 5 | 17 | 9,11,0,0.33,6 | 7 | 9 | 21 | 50,120,20260718,0
northern lights tonight in iowa,0,260,8 | 36 | 3 | 10 | 20 | 8 | 100 | 6 | 13 | 3 | 13 | 8,21,0,0.33,9 | 21 | 28 | 50,142,20260718,0
northern lights tonight lancaster pa,0,260,0 | 20 | 0 | 0 | 2 | 0 | 43 | 0 | 3 | 0 | 0 | 0,12,0,0.33,9 | 21 | 28 | 50,106,20260718,0
northern lights tonight lexington ky,0,260,0 | 16 | 0 | 0 | 2 | 0 | 82 | 2 | 3 | 0 | 0 | 0,16,0,0.33,9 | 21 | 28 | 50,51,20260718,0
northern lights tonight mn,0,260,1 | 13 | 1 | 1 | 5 | 5 | 65 | 1 | 0 | 2 | 5 | 3,34,0,0,9 | 21 | 28 | 50,116,20260718,0
northern lights tonight montana,0,260,13 | 30 | 8 | 16 | 20 | 20 | 76 | 8 | 30 | 5 | 8 | 6,23,0,0.33,7 | 9 | 21 | 28 | 50,125,20260718,0
northern lights tonight nebraska,0,260,2 | 10 | 0 | 2 | 5 | 1 | 100 | 2 | 4 | 0 | 2 | 2,14,0,0.33,6 | 7 | 9 | 21 | 28 | 50,109,20260718,0
northern lights tonight nh,0,260,11 | 72 | 11 | 21 | 32 | 11 | 39 | 11 | 88 | 9 | 17 | 17,15,0,0.33,7 | 9 | 21 | 28 | 50,109,20260718,0
northern lights tonight portland,0,260,0 | 7 | 0 | 0 | 0 | 0 | 29 | 0 | 4 | 0 | 0 | 1,23,0,0.01,6 | 7 | 9 | 21 | 28 | 50,92,20260718,0
northern lights tonight raleigh nc,0,260,0 | 8 | 0 | 0 | 1 | 0 | 100 | 0 | 3 | 0 | 0 | 0,24,0,0.33,6 | 7 | 9 | 21 | 28 | 50,106,20260718,0
northern lights tonight salt lake city,0,260,0 | 0 | 0 | 0 | 1 | 0 | 66 | 0 | 1 | 0 | 0 | 0,18,0,0,9 | 21 | 28 | 50,106,20260718,0
northern lights tonight san jose,0,260,0 | 0 | 0 | 0 | 0 | 0 | 43 | 0 | 2 | 0 | 0 | 0,18,0,0.03,6 | 9 | 21 | 28 | 50,136,20260718,0
northern lights tonight tulsa,0,260,0 | 0 | 0 | 0 | 0 | 0 | 53 | 0 | 3 | 0 | 0 | 0,15,0,0.33,6 | 7 | 9 | 21 | 28 | 50,107,20260718,0
peak northern lights tonight,0,260,0 | 1 | 0 | 0 | 1 | 0 | 80 | 0 | 1 | 0 | 0 | 0,38,0,0.33,7 | 9 | 21 | 28 | 50,136,20260718,0
seeing northern lights tonight,0,260,0 | 5 | 0 | 0 | 1 | 0 | 28 | 0 | 1 | 0 | 0 | 0,23,0,0.33,9 | 21 | 28 | 50,136,20260718,0
sightings of northern lights tonight,0,260,4 | 24 | 1 | 3 | 6 | 4 | 100 | 0 | 30 | 2 | 4 | 3,53,0,0.02,6 | 7 | 9 | 21 | 28 | 50,178,20260718,0
what states will see the northern lights tonight,0,260,5 | 100 | 3 | 10 | 24 | 10 | 55 | 8 | 10 | 3 | 8 | 6,45,0,0.02,7 | 9 | 21 | 50,172,20260718,0
what time to look for northern lights tonight,0,260,0 | 7 | 0 | 0 | 1 | 0 | 66 | 0 | 3 | 0 | 0 | 0,55,0,0.33,6 | 9 | 11 | 21 | 28,178,20260718,0
what time will i see the northern lights tonight,0,260,10 | 6 | 5 | 6 | 100 | 10 | 100 | 5 | 5 | 3 | 6 | 3,29,0,0.01,7 | 9 | 21 | 28 | 50,189,20260718,0
what time will we see northern lights tonight,0,260,3 | 62 | 1 | 3 | 16 | 4 | 55 | 4 | 30 | 1 | 1 | 1,46,0,0.02,7 | 9 | 21 | 28 | 50,188,20260718,0
when is northern lights tonight,0,260,0 | 5 | 0 | 0 | 0 | 0 | 82 | 0 | 1 | 0 | 0 | 0,52,0,0.09,7 | 9 | 21 | 28,121,20260718,0
who can see the northern lights tonight,0,260,0 | 7 | 1 | 2 | 5 | 3 | 52 | 1 | 3 | 0 | 1 | 1,44,0,0.01,7 | 9 | 21 | 28,188,20260718,0
aurora borealis forecast tonight,0,2400,10 | 35 | 10 | 12 | 35 | 19 | 66 | 23 | 54 | 35 | 29 | 44,44,0.89,0.01,7 | 9 | 21 | 28 | 50,133,20260718,0
aurora viewing tonight,0,260,2 | 20 | 1 | 1 | 7 | 3 | 44 | 4 | 8 | 1 | 2 | 2,55,0,0.01,7 | 9 | 21 | 28 | 50,138,20260718,0
norhtern lights tonight,0,30,0 | 3 | 0 | 0 | 0 | 0 | 1 | 0 | 0 | 0 | 0 | 0,35,1.7,0.01,7 | 9 | 21 | 28 | 50,137,20260718,0
northern kights tonight,0,30,0 | 6 | 0 | 0 | 53 | 0 | 34 | 0 | 6 | 0 | 0 | 0,45,1.7,0.01,7 | 9 | 21 | 28 | 50,136,20260718,0
northern lights tonigh,0,50,0 | 1 | 5 | 0 | 1 | 3 | 100 | 0 | 5 | 0 | 0 | 54,55,1.49,0.01,7 | 9 | 21 | 28 | 50,132,20260718,0
northern lifhts tonight,0,40,0 | 7 | 1 | 1 | 0 | 0 | 26 | 0 | 9 | 0 | 0 | 0,51,1.7,0.01,7 | 9 | 21 | 28 | 50,135,20260718,0
northern lights tonight when,0,40,7 | 7 | 7 | 7 | 7 | 7 | 100 | 7 | 7 | 7 | 0 | 7,55,0,0.33,7 | 9 | 15 | 21 | 28,142,20260718,0
northern lights tonigjt,0,50,0 | 3 | 0 | 0 | 0 | 0 | 16 | 0 | 5 | 0 | 0 | 24,43,1.7,0.01,7 | 9 | 21 | 28 | 50,137,20260718,0
northern loghts tonight,0,140,0 | 6 | 0 | 1 | 1 | 1 | 62 | 0 | 10 | 0 | 0 | 0,33,1.7,0.01,7 | 9 | 21 | 28 | 50,138,20260718,0
notthern lights tonight,0,40,0 | 5 | 0 | 1 | 2 | 1 | 29 | 1 | 10 | 0 | 1 | 0,47,1.7,0.01,7 | 9 | 21 | 28 | 50,135,20260718,0
tonight aurora borealis,0,480,0 | 100 | 4 | 8 | 6 | 62 | 55 | 20 | 20 | 24 | 36 | 20,53,1.52,0.02,7 | 9 | 21 | 28 | 50,130,20260718,0
aurora borealis forecast,0,74000,44 | 44 | 6 | 8 | 13 | 6 | 36 | 11 | 36 | 4 | 7 | 36,57,1.04,0.01,7 | 9 | 21 | 28 | 50,136,20260718,0
aurora borealis tonight,0,22200,1 | 9 | 0 | 0 | 1 | 1 | 24 | 1 | 3 | 1 | 0 | 4,63,1.52,0.02,7 | 9 | 21 | 28 | 50,136,20260718,0
aurora forecast today,0,260,5 | 24 | 3 | 13 | 13 | 16 | 55 | 10 | 24 | 6 | 8 | 8,56,0,0.33,7 | 9 | 21 | 28 | 50,110,20260718,0
aurora visible tonight,0,880,0 | 19 | 0 | 4 | 3 | 1 | 100 | 0 | 2 | 0 | 0 | 0,46,0,0.33,7 | 9 | 21 | 28 | 50,134,20260718,0
northern lights forcast,0,590,0 | 16 | 0 | 1 | 5 | 1 | 29 | 1 | 4 | 0 | 5 | 0,26,1.11,0.01,7 | 9 | 21 | 28,136,20260718,0
northern lights forecasr,0,40,0 | 0 | 0 | 0 | 0 | 0 | 100 | 0 | 0 | 0 | 0 | 0,50,1.11,0.01,7 | 9 | 21 | 28 | 50,139,20260718,0
northern lights tonight forecast,0,70,3 | 11 | 2 | 3 | 4 | 2 | 32 | 2 | 11 | 2 | 2 | 2,40,0,0.01,7 | 9 | 21 | 28,134,20260718,0
tonight's aurora borealis,0,40,0 | 4 | 0 | 0 | 0 | 0 | 39 | 0 | 1 | 0 | 0 | 0,38,1.52,0.02,7 | 9 | 21 | 28 | 50,133,20260718,0
visible northern lights,0,390,3 | 100 | 5 | 0 | 0 | 0 | 2 | 0 | 54 | 4 | 8 | 8,43,0,0.01,7 | 9 | 21 | 28 | 50,120,20260718,0
will the northern lights be visible tonight,0,2900,0 | 5 | 0 | 0 | 3 | 1 | 44 | 0 | 3 | 0 | 0 | 0,56,0,0.01,7 | 9 | 21 | 28 | 50,185,20260718,0
any northern lights tonight,0,210,1 | 7 | 2 | 2 | 4 | 0 | 66 | 2 | 7 | 2 | 1 | 1,27,0,0.33,7 | 9 | 21 | 28 | 50,135,20260718,0
aurora borealis visibility,0,880,4 | 23 | 3 | 12 | 8 | 4 | 44 | 2 | 12 | 1 | 2 | 2,52,0,0.01,7 | 9 | 21 | 28,78,20260718,0
aurora light tonight,0,90,0 | 20 | 0 | 0 | 1 | 0 | 36 | 1 | 4 | 1 | 1 | 1,51,0,0.01,7 | 9 | 21 | 28 | 50,201,20260718,0
aurora map tonight,0,4400,5 | 29 | 1 | 8 | 10 | 4 | 81 | 2 | 24 | 1 | 2 | 3,53,1.51,0.33,5 | 7 | 9 | 21 | 28 | 50,137,20260718,0
aurora tonight,0,8100,1 | 6 | 0 | 1 | 4 | 6 | 24 | 6 | 20 | 6 | 3 | 11,32,1.52,0.02,7 | 9 | 21 | 28 | 50,137,20260718,0
current aurora borealis,0,210,3 | 11 | 2 | 2 | 7 | 2 | 68 | 5 | 16 | 2 | 3 | 1,56,0,0.33,6 | 7 | 9 | 21 | 28 | 50,133,20260718,0
noethern lights tonight,0,110,0 | 2 | 0 | 0 | 1 | 0 | 14 | 0 | 3 | 2 | 7 | 100,42,1.7,0.01,7 | 9 | 21 | 28 | 50,134,20260718,0
norhtern lights forecast,0,30,0 | 0 | 0 | 0 | 0 | 0 | 5 | 0 | 0 | 0 | 0 | 0,39,1.11,0.01,7 | 9 | 21 | 28 | 50,136,20260718,0
northen light tonight,0,210,0 | 10 | 0 | 0 | 0 | 0 | 2 | 0 | 0 | 0 | 0 | 0,37,1.49,0.01,7 | 9 | 21 | 28 | 50,111,20260718,0
norther lights forcast,0,170,0 | 100 | 0 | 1 | 0 | 0 | 30 | 0 | 0 | 0 | 0 | 0,41,1.11,0.01,7 | 9 | 14 | 21 | 28 | 49,136,20260718,0
norther lights forecast,0,70,0 | 2 | 0 | 0 | 0 | 0 | 3 | 0 | 0 | 0 | 0 | 0,41,1.15,0.01,7 | 9 | 21 | 28 | 50,133,20260718,0
northern lights tonights,0,50,0 | 5 | 0 | 0 | 0 | 0 | 100 | 0 | 1 | 0 | 0 | 0,57,1.49,0.01,7 | 9 | 21 | 28 | 50,128,20260718,0
northern lights visible today,0,40,7 | 11 | 7 | 7 | 7 | 7 | 53 | 7 | 42 | 7 | 7 | 7,49,0,0.33,7 | 9 | 21 | 28,76,20260718,0
northernlights forecast,0,50,0 | 0 | 0 | 1 | 100 | 1 | 3 | 1 | 1 | 0 | 1 | 0,42,1.11,0.01,7 | 9 | 21 | 28,137,20260718,0
tonight northern lights,0,170,0 | 1 | 5 | 3 | 1 | 0 | 44 | 0 | 1 | 8 | 0 | 0,21,1.7,0.01,7 | 9 | 21 | 28 | 50,132,20260718,0
view northern lights tonight,0,480,8 | 41 | 4 | 16 | 20 | 8 | 100 | 2 | 41 | 4 | 4 | 8,19,0,0.01,7 | 9 | 21 | 28 | 50,136,20260718,0
aura forcast,0,140,0 | 0 | 2 | 0 | 0 | 20 | 11 | 0 | 52 | 0 | 0 | 0,30,2.03,0.02,7 | 9 | 21 | 28,140,20260718,0
auror forecast,0,170,0 | 100 | 0 | 0 | 0 | 0 | 100 | 0 | 0 | 0 | 0 | 0,50,1.05,0.33,7 | 9 | 28,134,20260718,0
aurora borealis schedule,0,210,6 | 13 | 13 | 8 | 10 | 8 | 62 | 6 | 10 | 4 | 8 | 5,52,0,0.01,7 | 9 | 21 | 28,139,20260718,0
aurora borealis tonight what time,0,50,2 | 15 | 2 | 2 | 2 | 2 | 36 | 2 | 15 | 2 | 2 | 2,54,0,0.02,7 | 9 | 21 | 28 | 50,188,20260718,0
aurora borealis tracker tonight,0,40,9 | 9 | 9 | 9 | 9 | 9 | 100 | 9 | 9 | 0 | 9 | 9,58,0,0.01,6 | 7 | 9 | 21 | 28 | 50,133,20260718,0
aurora forecast soft serve news,1,40,0 | 21 | 64 | 35 | 100 | 14 | 21 | 14 | 14 | 14 | 14 | 14,30,0,0.33,6 | 7 | 9 | 28,,20260718,0
aurora forecast tonight,0,12100,5 | 13 | 3 | 4 | 16 | 13 | 54 | 10 | 30 | 20 | 10 | 5,54,0.89,0.01,7 | 9 | 21 | 28 | 50,138,20260718,0
aurora reports,0,70,0 | 43 | 9 | 6 | 21 | 12 | 81 | 9 | 43 | 0 | 3 | 3,56,0,0.33,6 | 7 | 9 | 28,133,20260718,0
aurora viewing forecast,0,110,0 | 0 | 1 | 1 | 1 | 1 | 29 | 100 | 4 | 4 | 3 | 3,34,1.05,0.33,7 | 9 | 21 | 28 | 50,136,20260718,0
aurora watch tonight,0,110,5 | 16 | 3 | 5 | 8 | 5 | 24 | 5 | 20 | 3 | 3 | 5,61,0,0.04,9 | 21 | 28 | 50,289,20260718,0
current aurora borealis forecast,0,110,9 | 32 | 5 | 7 | 11 | 7 | 21 | 5 | 14 | 4 | 5 | 2,50,0,0.33,6 | 7 | 9 | 21 | 28 | 50,134,20260718,0
current northern lights,0,210,2 | 13 | 1 | 2 | 8 | 2 | 54 | 4 | 13 | 1 | 3 | 1,68,0,0.02,6 | 9 | 21 | 28,135,20260718,0
next aurora lights,0,70,7 | 23 | 10 | 10 | 0 | 0 | 36 | 0 | 10 | 10 | 0 | 0,46,0.43,0.08,6 | 7 | 9 | 21 | 28 | 50,185,20260718,0
northen lights time,0,50,0 | 3 | 0 | 0 | 0 | 0 | 100 | 0 | 0 | 0 | 0 | 0,59,0,0.01,7 | 9 | 21 | 28 | 50,132,20260718,0
northen lights tonight,0,210,0 | 5 | 0 | 0 | 0 | 0 | 100 | 0 | 5 | 0 | 0 | 0,63,1.49,0.01,7 | 9 | 20 | 21 | 28 | 50,136,20260718,0
northern lights to ight,0,70,0 | 6 | 0 | 16 | 0 | 1 | 30 | 0 | 8 | 0 | 0 | 0,70,1.49,0.01,9 | 15 | 21 | 28 | 49 | 50,127,20260718,0
northern lights visibility forecast,0,140,2 | 2 | 15 | 100 | 2 | 6 | 54 | 2 | 6 | 2 | 2 | 2,40,0,0.33,7 | 9 | 21 | 28 | 50,133,20260718,0
northern lights visibility tonight,0,480,2 | 24 | 2 | 2 | 10 | 8 | 79 | 0 | 100 | 0 | 0 | 13,41,0,0.33,7 | 9 | 21 | 28 | 50,137,20260718,0
northern lights visible tonight,0,2900,2 | 16 | 1 | 2 | 7 | 2 | 100 | 2 | 5 | 0 | 1 | 2,30,0,0.33,7 | 9 | 21 | 28 | 50,136,20260718,0
northern nights tonight,0,50,1 | 1 | 1 | 1 | 1 | 1 | 24 | 1 | 1 | 1 | 1 | 1,36,0,0.33,7 | 9 | 21 | 28 | 50,110,20260718,0
seeing aurora tonight,0,40,7 | 7 | 7 | 7 | 7 | 7 | 100 | 7 | 7 | 0 | 7 | 7,44,0,0.33,7 | 9 | 21 | 28 | 50,135,20260718,0
the aurora tonight,0,40,18 | 100 | 18 | 18 | 18 | 18 | 100 | 18 | 18 | 18 | 18 | 18,50,0,0.33,7 | 9 | 21 | 28 | 50,133,20260718,0
today's northern lights,0,90,2 | 5 | 6 | 2 | 0 | 0 | 3 | 0 | 0 | 0 | 8 | 45,55,0,0.33,7 | 9 | 21 | 28 | 50,135,20260718,0
tonight aurora forecast,0,390,0 | 29 | 0 | 0 | 2 | 0 | 23 | 0 | 1 | 0 | 0 | 0,51,0.89,0.01,7 | 9 | 21 | 28 | 50,136,20260718,0
will we see northern lights tonight,0,320,0 | 1 | 2 | 11 | 0 | 3 | 82 | 3 | 16 | 3 | 3 | 3,28,0,0.01,7 | 9 | 21 | 28 | 50,179,20260718,0
arora forecast,0,480,100 | 0 | 0 | 0 | 13 | 0 | 16 | 0 | 30 | 34 | 0 | 0,51,1.05,0.33,7 | 9 | 28,139,20260718,0
aura lights tonight,0,30,18 | 18 | 18 | 18 | 18 | 18 | 100 | 18 | 100 | 18 | 0 | 0,48,1.52,0.02,7 | 9 | 21 | 28,121,20260718,0
aurealis borealis tonight,0,40,2 | 5 | 2 | 2 | 3 | 2 | 26 | 2 | 2 | 2 | 2 | 2,26,0,0.04,6 | 7 | 9 | 21 | 28 | 50,135,20260718,0
auroa forecast,0,210,0 | 20 | 0 | 0 | 13 | 0 | 4 | 0 | 44 | 0 | 0 | 0,46,1.05,0.33,7 | 9 | 21 | 28,138,20260718,0
auroa tonight,0,70,0 | 0 | 0 | 0 | 0 | 0 | 3 | 0 | 0 | 1 | 0 | 10,53,2.01,0.01,4 | 9 | 20 | 21 | 28,137,20260718,0
aurora activity forecast,0,40,5 | 5 | 5 | 5 | 5 | 5 | 28 | 5 | 28 | 5 | 5 | 5,46,0,0.33,7 | 9 | 28 | 50,135,20260718,0
aurora alerts tonight,0,50,18 | 100 | 18 | 18 | 18 | 100 | 0 | 36 | 100 | 18 | 18 | 36,44,0,0.33,6 | 7 | 9 | 21 | 28 | 50,158,20260718,0
aurora borealis forecast today,0,170,5 | 16 | 5 | 8 | 13 | 10 | 45 | 8 | 16 | 4 | 8 | 8,57,0,0.01,6 | 9 | 21 | 28,123,20260718,0
aurora borealis right now,0,480,1 | 4 | 0 | 0 | 2 | 1 | 23 | 1 | 10 | 0 | 1 | 0,52,0,0.33,6 | 7 | 9 | 21 | 28 | 50,134,20260718,0
aurora borealis sighting,0,70,0 | 1 | 0 | 0 | 0 | 2 | 10 | 0 | 0 | 0 | 0 | 0,54,1.39,0.03,7 | 9 | 20 | 21 | 28 | 50,105,20260718,0
aurora borealis visible tonight,0,2400,2 | 10 | 0 | 3 | 10 | 3 | 100 | 3 | 16 | 0 | 1 | 2,32,0,0.33,7 | 9 | 21 | 28 | 50,139,20260718,0
aurora borialis tonight,0,260,0 | 0 | 0 | 0 | 3 | 0 | 100 | 0 | 0 | 0 | 0 | 0,38,1.52,0.02,7 | 9 | 21 | 28,143,20260718,0
aurora currently,0,40,18 | 100 | 18 | 18 | 18 | 18 | 100 | 18 | 18 | 18 | 18 | 18,61,0,0.33,6 | 7 | 9 | 28,140,20260718,0
aurora forcast tonight,0,590,0 | 0 | 0 | 0 | 0 | 0 | 100 | 0 | 0 | 0 | 0 | 0,40,1.6,0.02,7 | 9 | 21 | 28 | 50,133,20260718,0
aurora forecast for today,0,110,35 | 100 | 17 | 23 | 23 | 35 | 53 | 17 | 23 | 12 | 28 | 23,51,0,0.33,9 | 21 | 28 | 50,140,20260718,0
aurora lights time,0,40,4 | 10 | 4 | 4 | 4 | 4 | 43 | 4 | 4 | 4 | 4 | 4,54,0,0.04,7 | 9 | 21 | 28 | 50,138,20260718,0
aurora lights today,0,40,5 | 28 | 5 | 5 | 5 | 5 | 53 | 5 | 5 | 5 | 5 | 5,50,0,0.01,7 | 9 | 21 | 28 | 50,195,20260718,0
aurora prediction tonight,0,140,2 | 4 | 1 | 3 | 3 | 8 | 20 | 2 | 20 | 4 | 1 | 0,48,0,0.01,9 | 21 | 28 | 50,136,20260718,0
aurora right now,0,590,1 | 8 | 0 | 1 | 1 | 0 | 29 | 0 | 1 | 0 | 0 | 0,52,0,0.33,6 | 7 | 9 | 21 | 28,144,20260718,0
aurora sightings tonight,0,210,4 | 24 | 1 | 3 | 10 | 4 | 81 | 2 | 30 | 2 | 4 | 3,32,0,0.02,7 | 9 | 21 | 28,95,20260718,0
aurora sky tonight,0,50,1 | 1 | 1 | 1 | 1 | 1 | 24 | 1 | 1 | 1 | 1 | 1,41,0,0.33,7 | 9 | 21 | 28 | 50,134,20260718,0
aurora timing tonight,0,40,18 | 18 | 18 | 18 | 18 | 18 | 100 | 18 | 100 | 0 | 18 | 18,29,0,0.33,6 | 7 | 9 | 21 | 28 | 50,141,20260718,0
aurora viewing near me,0 | 3,40,14 | 78 | 14 | 14 | 14 | 14 | 100 | 14 | 14 | 14 | 14 | 14,50,0,0.07,7 | 9 | 21 | 28 | 50,153,20260718,0
auroras today,0,110,0 | 4 | 0 | 0 | 0 | 0 | 100 | 0 | 81 | 0 | 0 | 0,57,0,0.01,7 | 9 | 21 | 28 | 50,135,20260718,0
borealis forecast,0,110,2 | 4 | 1 | 1 | 3 | 1 | 8 | 3 | 4 | 3 | 2 | 1,59,0,0.33,7 | 9 | 21 | 28,129,20260718,0
chance of aurora tonight,0,110,5 | 30 | 3 | 1 | 6 | 3 | 20 | 10 | 0 | 0 | 6 | 0,49,0,0.01,9 | 21 | 28 | 50,141,20260718,0
current aurora,0,170,4 | 20 | 1 | 1 | 8 | 3 | 55 | 3 | 20 | 1 | 1 | 1,57,0,0.33,6 | 7 | 9 | 28,136,20260718,0
forecast of northern lights,0,50,2 | 6 | 10 | 10 | 4 | 0 | 35 | 14 | 10 | 8 | 6 | 8,25,1.05,0.33,7 | 9 | 21 | 28,137,20260718,0
how far south are the northern lights visible tonight,0,110,2 | 2 | 2 | 2 | 2 | 2 | 100 | 2 | 4 | 2 | 2 | 2,22,0,0.33,7 | 9 | 21 | 28 | 50,180,20260718,0
is there an aurora tonight,0,590,13 | 62 | 16 | 20 | 36 | 45 | 100 | 30 | 30 | 8 | 16 | 13,55,0,0.01,9 | 21,190,20260718,0
is there an aurora tonight near me,0 | 3,50,64 | 11 | 64 | 11 | 11 | 11 | 100 | 11 | 11 | 11 | 11 | 11,49,0,0.33,7 | 9 | 21 | 28,130,20260718,0
is there northern lights today,0,70,4 | 22 | 4 | 4 | 4 | 4 | 100 | 10 | 14 | 4 | 4 | 4,60,0,0.05,7 | 9 | 21 | 28,124,20260718,0
latest aurora forecast,0,50,14 | 14 | 14 | 14 | 14 | 14 | 78 | 100 | 78 | 14 | 78 | 14,48,0,0.33,6 | 7 | 9 | 28 | 50,134,20260718,0
north light tonight,0,110,3 | 18 | 18 | 18 | 6 | 23 | 100 | 3 | 18 | 3 | 3 | 3,29,0,0.02,7 | 9 | 21 | 28 | 50,111,20260718,0
northern light tonight,0,1000,0 | 10 | 0 | 2 | 6 | 2 | 54 | 1 | 6 | 0 | 0 | 0,51,0,0.01,7 | 9 | 21 | 28 | 50,111,20260718,0
northern lights forecast,0,60500,7 | 10 | 7 | 13 | 13 | 6 | 20 | 7 | 8 | 2 | 3 | 6,53,1.11,0.01,7 | 9 | 21 | 28 | 50,135,20260718,0
northern lights forecast tonight,0,14800,6 | 11 | 3 | 4 | 11 | 7 | 45 | 7 | 20 | 16 | 7 | 9,54,0.89,0.01,7 | 9 | 21 | 28 | 50,135,20260718,0
northern lights last night near me,0 | 3,70,5 | 35 | 5 | 7 | 23 | 5 | 100 | 10 | 17 | 5 | 5 | 5,23,0,0.33,7 | 9 | 21 | 28 | 50,192,20260718,0
northern lights live forecast,0,40,18 | 100 | 18 | 18 | 18 | 18 | 100 | 18 | 18 | 18 | 18 | 0,48,0,0,6 | 7 | 9 | 14 | 28 | 49 | 50,135,20260718,0
northern lights prediction tonight,0,110,9 | 23 | 6 | 9 | 19 | 9 | 44 | 6 | 23 | 5 | 4 | 5,52,0,0.33,7 | 9 | 21 | 28 | 50,136,20260718,0
northern lights seen tonight,0,320,13 | 36 | 8 | 10 | 10 | 8 | 16 | 20 | 100 | 8 | 16 | 16,26,0.42,0.02,9 | 20 | 21 | 28 | 50,131,20260718,0
northern lights sightings tonight,0,260,4 | 20 | 1 | 3 | 13 | 4 | 100 | 5 | 24 | 2 | 4 | 3,57,0,0.02,6 | 7 | 9 | 28,138,20260718,0
northern lights today,0,2400,2 | 10 | 1 | 3 | 8 | 3 | 54 | 4 | 13 | 1 | 2 | 2,47,0,0.33,7 | 9 | 21 | 28 | 50,139,20260718,0
northern lights tracker today,0,40,11 | 64 | 11 | 11 | 11 | 11 | 100 | 11 | 11 | 11 | 11 | 11,50,0,0.02,6 | 7 | 9 | 14 | 15 | 21 | 28 | 50,140,20260718,0
northern lights viewer,0,40,6 | 100 | 21 | 0 | 0 | 0 | 0 | 21 | 0 | 0 | 3 | 21,63,1.2,0.14,7 | 9 | 28,129,20260718,0
northern lights viewing tonight,0,1000,1 | 24 | 1 | 3 | 10 | 5 | 81 | 2 | 36 | 1 | 3 | 2,46,0,0.01,7 | 9 | 21 | 28 | 50,137,20260718,0
nothern lights forcast,0,90,0 | 0 | 0 | 0 | 1 | 0 | 2 | 0 | 100 | 0 | 1 | 0,,1.15,0.01,7 | 9 | 21 | 28,134,20260718,0
red northern lights tonight,0,50,5 | 5 | 0 | 0 | 5 | 0 | 100 | 0 | 5 | 5 | 5 | 5,37,0,0.33,5 | 7 | 9 | 21 | 28 | 50,134,20260718,0
see the aurora borealis tonight,0,40,4 | 4 | 4 | 4 | 4 | 4 | 43 | 4 | 4 | 4 | 4 | 4,25,0,0.05,7 | 9 | 21 | 28 | 50,175,20260718,0
soft serve aurora borealis,1,50,100 | 19 | 0 | 4 | 4 | 52 | 19 | 4 | 66 | 4 | 9 | 14,50,0,0.33,6 | 7 | 9 | 28,157,20260718,0
the northern lights tonight,0,590,0 | 7 | 0 | 0 | 1 | 0 | 29 | 0 | 1 | 0 | 0 | 0,50,0,0.03,9 | 21 | 28 | 50,129,20260718,0
time northern lights tonight,0,140,2 | 2 | 1 | 1 | 1 | 2 | 13 | 3 | 4 | 0 | 2 | 3,57,0,0.04,7 | 9 | 21 | 28 | 50,141,20260718,0
tonight aurora,0,40,5 | 0 | 0 | 0 | 0 | 0 | 100 | 0 | 7 | 5 | 0 | 0,70,0,0.01,7 | 9 | 21 | 28 | 50,128,20260718,0
tonight's aurora forecast,0,4400,10 | 16 | 10 | 3 | 10 | 4 | 19 | 44 | 0 | 100 | 7 | 7,52,0.89,0.01,7 | 9 | 21 | 28 | 50,107,20260718,0
updated northern lights forecast,0,50,4 | 4 | 0 | 0 | 4 | 4 | 6 | 4 | 100 | 0 | 0 | 0,43,0,0.33,6 | 7 | 9 | 28 | 49 | 50,135,20260718,0
us aurora forecast,0,50,1 | 13 | 1 | 1 | 1 | 1 | 10 | 1 | 8 | 1 | 1 | 1,38,0,0.33,7 | 9 | 21 | 28 | 50,106,20260718,0
viewing the northern lights tonight,0,210,21 | 39 | 17 | 14 | 17 | 14 | 100 | 2 | 17 | 7 | 1 | 11,25,0,0.01,7 | 9 | 21 | 28 | 50,165,20260718,0
visible northern lights tonight,0,320,7 | 16 | 2 | 5 | 10 | 10 | 16 | 1 | 24 | 1 | 2 | 1,47,0.66,0.01,9 | 21 | 28 | 50,136,20260718,0
what time aurora tonight,0,90,0 | 3 | 0 | 0 | 0 | 0 | 7 | 0 | 7 | 0 | 0 | 0,13,0,0.33,7 | 9 | 21 | 28 | 50,146,20260718,0
what time for aurora borealis tonight,0,90,1 | 13 | 1 | 1 | 1 | 1 | 55 | 1 | 2 | 0 | 1 | 1,51,0,0.33,7 | 9 | 21 | 28 | 50,180,20260718,0
what time is northern lights tonight,0,880,0 | 4 | 0 | 0 | 0 | 1 | 29 | 0 | 5 | 0 | 0 | 0,25,0,0.01,7 | 9 | 21 | 28 | 50,188,20260718,0
what time was the northern lights last night,0,50,0 | 1 | 1 | 1 | 1 | 0 | 36 | 0 | 1 | 0 | 1 | 0,26,0,0,7 | 9 | 21 | 28 | 50,184,20260718,0
what time will the northern lights be visible tonight,0,8100,0 | 9 | 0 | 0 | 1 | 1 | 55 | 1 | 11 | 0 | 0 | 0,45,0.6,0.01,7 | 9 | 21 | 28 | 50,192,20260718,0
when are northern lights tonight,0,50,0 | 3 | 0 | 0 | 0 | 0 | 4 | 0 | 3 | 0 | 0 | 0,36,0,0.33,7 | 9 | 21 | 28 | 50,178,20260718,0
when is the northern lights tonight,0,880,0 | 12 | 0 | 0 | 1 | 0 | 100 | 0 | 1 | 0 | 0 | 0,48,0,0.02,7 | 9 | 21 | 28 | 50,181,20260718,0
where can i see the aurora tonight,0,110,0 | 16 | 0 | 0 | 0 | 0 | 1 | 0 | 0 | 0 | 0 | 0,53,0.66,0.02,9 | 21 | 28 | 50,183,20260718,0
where can you see the aurora tonight,0,40,18 | 100 | 18 | 18 | 18 | 18 | 100 | 18 | 18 | 18 | 18 | 18,48,0,0.04,7 | 9 | 21 | 28 | 50,183,20260718,0
where northern lights tonight,0,50,0 | 0 | 0 | 0 | 0 | 0 | 100 | 0 | 0 | 0 | 8 | 11,24,0.66,0.02,7 | 9 | 21 | 28 | 50,139,20260718,0
will i see northern lights tonight,0,110,0 | 5 | 0 | 0 | 0 | 2 | 22 | 0 | 2 | 0 | 0 | 0,39,0.97,0.01,7 | 9 | 21 | 28 | 50,187,20260718,0
will the auroras be visible tonight,0,70,2 | 2 | 2 | 2 | 2 | 2 | 100 | 2 | 2 | 0 | 2 | 2,21,0,0.33,7 | 9 | 21 | 28 | 50,208,20260718,0
will you be able to see northern lights tonight,0,70,1 | 5 | 1 | 1 | 2 | 1 | 16 | 1 | 5 | 1 | 1 | 1,15,0,0.33,7 | 9 | 21 | 28 | 50,177,20260718,0
are there northern lights right now,0,40,9 | 9 | 9 | 9 | 9 | 9 | 100 | 9 | 9 | 9 | 9 | 9,52,0,0.02,6 | 7 | 9 | 21 | 28 | 50,180,20260718,0
at what time northern lights tonight,0,50,2 | 2 | 2 | 2 | 2 | 2 | 54 | 2 | 2 | 2 | 0 | 2,33,0,0,7 | 9 | 21 | 28 | 50,185,20260718,0
aura lights near me,3,50,11 | 11 | 11 | 0 | 11 | 11 | 0 | 82 | 100 | 29 | 29 | 17,38,0,0.02,3 | 7 | 9 | 21 | 28,218,20260718,0
auroa map,0,140,1 | 12 | 0 | 1 | 4 | 9 | 100 | 1 | 54 | 0 | 23 | 1,51,0,0.33,7 | 9 | 28,135,20260718,0
aurora borealis forecast united states,0,40,14 | 78 | 14 | 100 | 14 | 14 | 28 | 14 | 14 | 14 | 14 | 14,48,0,0.33,7 | 9 | 21 | 28 | 50,130,20260718,0
aurora borealis map tonight,0,2900,3 | 36 | 4 | 8 | 5 | 7 | 44 | 2 | 13 | 2 | 4 | 8,56,1.51,0.33,5 | 7 | 9 | 13 | 21 | 28 | 50,135,20260718,0
aurora borealis northern lights tonight,0,9900,0 | 0 | 0 | 0 | 0 | 0 | 54 | 0 | 2 | 0 | 0 | 0,46,1.52,0.02,9 | 15 | 21 | 28 | 49 | 50,51,20260718,0
aurora borealis sighting tonight,0,110,4 | 11 | 1 | 2 | 4 | 3 | 13 | 1 | 25 | 2 | 3 | 2,55,0,0.02,6 | 9 | 21 | 28 | 50,131,20260718,0
aurora borealis thursday night,0,40,7 | 7 | 7 | 0 | 7 | 7 | 100 | 7 | 7 | 7 | 7 | 7,22,0,0.33,6 | 7 | 9 | 21 | 28 | 50,113,20260718,0
aurora borealis today,0,1900,3 | 19 | 3 | 4 | 12 | 5 | 54 | 6 | 19 | 3 | 3 | 3,64,0,0.01,9 | 21 | 28,132,20260718,0
aurora borealis update,0,50,0 | 6 | 0 | 0 | 5 | 0 | 100 | 0 | 1 | 0 | 0 | 0,59,0,0.01,6 | 7 | 9 | 28 | 50,123,20260718,0
aurora borealis yesterday,0,210,3 | 13 | 2 | 1 | 5 | 1 | 100 | 2 | 13 | 1 | 1 | 1,39,0,0.33,5 | 7 | 9 | 21 | 28 | 50,108,20260718,0
aurora chances,0,50,7 | 11 | 11 | 7 | 26 | 7 | 100 | 15 | 26 | 11 | 15 | 7,52,0,0.01,9 | 20 | 28,136,20260718,0
aurora current conditions,0,50,18 | 100 | 18 | 18 | 18 | 18 | 100 | 18 | 100 | 18 | 18 | 18,70,0,0.33,6 | 9 | 28,136,20260718,0
aurora forecast,0,90500,20 | 20 | 4 | 16 | 16 | 7 | 36 | 16 | 36 | 11 | 9 | 4,54,1.05,0.33,7 | 9 | 21 | 28,149,20260718,0
aurora forecast for this week,0,40,66 | 9 | 9 | 9 | 52 | 9 | 9 | 9 | 9 | 9 | 9 | 9,47,0,0.33,7 | 9 | 21 | 28 | 50,193,20260718,0
aurora forecast tomorrow,0,50,14 | 14 | 6 | 6 | 8 | 4 | 29 | 4 | 4 | 4 | 4 | 4,36,0,0.33,7 | 9 | 21 | 28 | 50,139,20260718,0
aurora level,0,50,6 | 21 | 9 | 6 | 6 | 6 | 53 | 6 | 34 | 15 | 9 | 12,65,0,0.33,6 | 7 | 9 | 28 | 50,140,20260718,0
aurora lights forecast,0,1300,7 | 16 | 4 | 10 | 23 | 12 | 54 | 10 | 19 | 5 | 7 | 5,62,1.47,0.01,9 | 21 | 28 | 50,131,20260718,0
aurora lights tonight,0,4400,4 | 44 | 1 | 4 | 13 | 19 | 66 | 8 | 13 | 8 | 8 | 19,47,1.52,0.02,7 | 9 | 21 | 28 | 50,133,20260718,0
aurora map for tonight,0,50,18 | 100 | 18 | 18 | 18 | 18 | 100 | 18 | 100 | 18 | 18 | 18,50,0,0.33,5 | 7 | 9 | 28,138,20260718,0
aurora map today,0,50,3 | 35 | 3 | 3 | 3 | 3 | 18 | 3 | 18 | 3 | 3 | 3,57,0,0.33,5 | 7 | 9 | 13 | 21 | 28 | 50,140,20260718,0
aurora near me tonight,0 | 3,40,4 | 22 | 4 | 4 | 4 | 4 | 43 | 4 | 4 | 4 | 4 | 4,37,0,0.33,7 | 9 | 21 | 28 | 50,154,20260718,0
aurora prediction center,0,40,6 | 6 | 6 | 6 | 6 | 6 | 34 | 6 | 34 | 6 | 6 | 6,24,0,0.33,7 | 9 | 21 | 28,128,20260718,0
aurora predictions tonight,0,170,14 | 32 | 4 | 7 | 14 | 0 | 100 | 7 | 26 | 0 | 7 | 5,60,0,0.01,9 | 21 | 28,198,20260718,0
aurora tonight forecast,0,50,0 | 0 | 0 | 0 | 0 | 0 | 4 | 0 | 0 | 0 | 0 | 0,49,0.89,0.01,7 | 9 | 21 | 28 | 50,134,20260718,0
aurora tonight map,0,880,10 | 13 | 0 | 36 | 4 | 15 | 54 | 19 | 7 | 0 | 0 | 1,54,1.51,0.33,5 | 7 | 9 | 21 | 28 | 50,134,20260718,0
aurora view line,0,720,45 | 55 | 16 | 30 | 30 | 36 | 100 | 24 | 100 | 20 | 30 | 30,37,0,0.33,5 | 7 | 9 | 21 | 28,134,20260718,0
aurora view line tonight,0,170,18 | 29 | 18 | 18 | 35 | 29 | 100 | 29 | 43 | 14 | 29 | 43,40,0,0.33,7 | 9 | 21 | 28,137,20260718,0
auroras near me,0 | 3,40,0 | 0 | 0 | 0 | 0 | 0 | 16 | 0 | 0 | 0 | 0 | 0,51,0,0.33,1 | 6 | 7 | 9 | 21 | 28 | 50,147,20260718,0
auroras tonight,0,3600,2 | 16 | 2 | 3 | 8 | 3 | 100 | 5 | 5 | 1 | 0 | 8,53,1.52,0.02,7 | 9 | 21 | 28 | 50,136,20260718,0
auroras visible,0,320,0 | 100 | 3 | 4 | 7 | 5 | 36 | 4 | 5 | 1 | 3 | 2,54,0,0.01,7 | 9 | 11 | 21 | 28,109,20260718,0
can i still see the northern lights tonight,0,210,0 | 0 | 0 | 0 | 0 | 0 | 100 | 0 | 1 | 0 | 0 | 0,58,0,0,9 | 21 | 28 | 50,173,20260718,0
can northern lights be seen tonight,0,170,0 | 2 | 0 | 0 | 0 | 0 | 43 | 0 | 1 | 0 | 0 | 0,61,0.97,0.01,9 | 21 | 28 | 50,173,20260718,0
can u see the northern lights tonight,0,320,1 | 8 | 1 | 2 | 3 | 1 | 100 | 1 | 4 | 0 | 1 | 0,31,0,0.33,7 | 9 | 21 | 28,123,20260718,0
can you see the northern lights tonight,0,4400,0 | 3 | 0 | 0 | 0 | 0 | 36 | 0 | 2 | 0 | 0 | 0,44,0,0.33,7 | 9 | 21 | 28 | 50,186,20260718,0
how to see the aurora tonight,0,50,0 | 100 | 0 | 9 | 9 | 9 | 52 | 9 | 52 | 9 | 9 | 9,54,0,0.33,7 | 9 | 21 | 28 | 50,180,20260718,0
is aurora visible tonight,0,260,0 | 8 | 0 | 0 | 1 | 0 | 100 | 1 | 2 | 0 | 0 | 0,33,0,0.33,7 | 9 | 21 | 28 | 50,140,20260718,0
is there northern lights,0,70,4 | 4 | 4 | 4 | 4 | 4 | 100 | 4 | 4 | 4 | 4 | 4,43,0,0.33,7 | 9 | 11 | 20 | 21 | 28,111,20260718,0
lights tonight,0 | 2,110,5 | 15 | 5 | 5 | 5 | 5 | 67 | 19 | 7 | 3 | 3 | 7,23,0,0.33,7 | 9 | 21 | 28,206,20260718,0
more northern lights tonight,0,40,2 | 2 | 2 | 2 | 2 | 2 | 26 | 2 | 2 | 0 | 2 | 2,40,0,0.33,9 | 21 | 28 | 50,134,20260718,0
next northern lights forecast,0,40,5 | 5 | 5 | 5 | 5 | 2 | 100 | 5 | 0 | 0 | 5 | 0,30,1.11,0.01,7 | 9 | 28,138,20260718,0
north america aurora forecast,0,50,12 | 15 | 12 | 9 | 6 | 6 | 34 | 6 | 34 | 6 | 6 | 6,50,0,0.33,7 | 9 | 21 | 28 | 50,129,20260718,0
north lights tonight,0,140,0 | 0 | 0 | 0 | 0 | 0 | 100 | 0 | 0 | 0 | 0 | 0,48,1.49,0.01,9 | 21 | 28 | 50,186,20260718,0
northern light forcast,0,260,0 | 36 | 0 | 0 | 3 | 0 | 10 | 0 | 10 | 0 | 0 | 0,36,1.11,0.01,7 | 9 | 21 | 28,110,20260718,0
northern light forecast,0,1600,8 | 10 | 3 | 7 | 10 | 8 | 29 | 8 | 16 | 3 | 4 | 3,40,0,0.33,7 | 9 | 21 | 28 | 50,109,20260718,0
northern light forecast tonight,0,140,3 | 5 | 2 | 3 | 4 | 3 | 30 | 3 | 4 | 1 | 2 | 2,37,0,0.01,7 | 9 | 21 | 28 | 50,100,20260718,0
northern light now,0,110,0 | 4 | 14 | 29 | 29 | 0 | 100 | 22 | 54 | 0 | 14 | 18,68,0,0.01,6 | 7 | 9 | 21 | 28 | 50,111,20260718,0
northern light visibility,0,140,0 | 8 | 0 | 0 | 0 | 0 | 22 | 0 | 1 | 1 | 2 | 2,50,0,0.01,7 | 9 | 21 | 28 | 50,107,20260718,0
northern lights again tonight,0,70,0 | 0 | 0 | 0 | 0 | 0 | 16 | 0 | 0 | 0 | 0 | 0,47,0,0,7 | 9 | 21 | 28 | 50,133,20260718,0
northern lights chances,0,110,9 | 19 | 9 | 12 | 19 | 9 | 44 | 5 | 15 | 5 | 9 | 4,38,0,0.33,6 | 7 | 9 | 28,129,20260718,0
northern lights currently,0,90,3 | 18 | 3 | 3 | 18 | 3 | 100 | 5 | 18 | 3 | 3 | 3,58,0,0,6 | 9 | 21 | 28,128,20260718,0
northern lights for tonight,0,30,0 | 12 | 12 | 0 | 43 | 0 | 12 | 0 | 0 | 10 | 0 | 100,52,1.49,0.01,9 | 21 | 28 | 50,198,20260718,0
northern lights forecast friday,0,390,0 | 0 | 0 | 0 | 0 | 0 | 0 | 0 | 0 | 0 | 0 | 100,38,0.23,0.02,7 | 9 | 21 | 28 | 50,139,20260718,0
northern lights index,0,210,11 | 21 | 7 | 17 | 21 | 17 | 88 | 17 | 26 | 7 | 14 | 7,40,0,0.33,7 | 9 | 28,164,20260718,0
northern lights map forecast,0,1000,36 | 66 | 24 | 41 | 54 | 41 | 79 | 30 | 66 | 20 | 24 | 36,47,0,0.33,7 | 9 | 28,134,20260718,0
northern lights now,0,720,2 | 10 | 1 | 2 | 7 | 1 | 44 | 1 | 8 | 0 | 2 | 1,72,0,0.01,9 | 21 | 28,128,20260718,0
northern lights path,0,50,1 | 5 | 2 | 3 | 3 | 1 | 5 | 1 | 1 | 1 | 1 | 1,42,0,0.02,5 | 7 | 9 | 21 | 28,123,20260718,0
northern lights radar,0,880,3 | 16 | 2 | 3 | 8 | 5 | 44 | 3 | 8 | 2 | 2 | 1,66,0,0,9 | 28,127,20260718,0
northern lights right now,0,720,2 | 10 | 1 | 2 | 7 | 2 | 54 | 2 | 16 | 1 | 2 | 1,54,0,0.33,6 | 7 | 9 | 21 | 28 | 50,138,20260718,0
northern lights timeline tonight map,0,40,17 | 17 | 0 | 17 | 82 | 100 | 17 | 0 | 11 | 0 | 0 | 11,49,0,0.33,6 | 7 | 9 | 21 | 28 | 50,118,20260718,0
northern lights timing tonight,0,70,5 | 28 | 5 | 5 | 5 | 5 | 100 | 5 | 53 | 5 | 5 | 5,31,0,0.33,6 | 7 | 9 | 21 | 28 | 50,140,20260718,0
northern lights today map,0,40,2 | 11 | 2 | 2 | 2 | 2 | 11 | 2 | 2 | 2 | 2 | 2,47,0,0.02,5 | 7 | 9 | 21 | 28 | 50,135,20260718,0
northern lights tonight map,0,4400,2 | 16 | 0 | 3 | 7 | 3 | 44 | 3 | 8 | 0 | 1 | 2,53,1.51,0.33,5 | 7 | 9 | 21 | 28 | 50,135,20260718,0
northern lights tonight where,0,170,2 | 20 | 2 | 4 | 8 | 0 | 7 | 2 | 20 | 2 | 4 | 4,29,0,0.03,7 | 9 | 21 | 28 | 50,135,20260718,0
northern lights update,0,140,5 | 20 | 3 | 3 | 8 | 3 | 67 | 5 | 10 | 1 | 1 | 2,51,0,0.33,6 | 7 | 9 | 21 | 28 | 50,126,20260718,0
northern lights view line,0,110,21 | 28 | 28 | 34 | 53 | 34 | 100 | 21 | 34 | 9 | 21 | 28,57,0,0.01,5 | 7 | 9 | 21 | 28 | 50,129,20260718,0